aborted,bufferSize,buffertime_avg,buffertime_med,created,delivered,delivery_prob,dropPolicy,dropped,filename,forwardingStrategy,hopcount_avg,hopcount_med,latency_avg,latency_med,overhead_ratio,relayed,removed,response_prob,rtt_avg,rtt_med,sim_time,started
3574,100M,7485.3502,6828.0000,3351,1773,0.5291,1,215399,ProphetMulti-bufferSize@100M-dropPolicy@1-forwardingStrategy@COIN_MessageStatsReport,COIN,3.3486,3,10556.1850,8278.0000,130.5725,233278,0,0.0000,NaN,NaN,100000.0000,236859
3437,100M,7655.9115,6492.0000,3351,1976,0.5897,1,200080,ProphetMulti-bufferSize@100M-dropPolicy@1-forwardingStrategy@GRTRMax_MessageStatsReport,GRTRMax,2.7890,3,10632.1640,8496.0000,109.4221,218194,0,0.0000,NaN,NaN,100000.0000,221636
3385,100M,7798.0841,6521.0000,3351,1946,0.5807,1,194116,ProphetMulti-bufferSize@100M-dropPolicy@1-forwardingStrategy@GRTRSort_MessageStatsReport,GRTRSort,2.8135,3,10481.8859,8535.0000,107.9255,211969,0,0.0000,NaN,NaN,100000.0000,215362
3643,100M,7636.8872,6482.0000,3351,1491,0.4449,1,205142,ProphetMulti-bufferSize@100M-dropPolicy@1-forwardingStrategy@GRTR_MessageStatsReport,GRTR,2.5848,2,9047.1402,7640.0000,148.7344,223254,0,0.0000,NaN,NaN,100000.0000,226903
3317,100M,4375.3820,4.0000,3351,799,0.2384,2,206056,ProphetMulti-bufferSize@100M-dropPolicy@2-forwardingStrategy@COIN_MessageStatsReport,COIN,3.6383,4,4558.2453,4051.0000,278.7071,223486,0,0.0000,NaN,NaN,100000.0000,226809
3462,100M,4462.9720,0.0000,3351,1114,0.3324,2,208436,ProphetMulti-bufferSize@100M-dropPolicy@2-forwardingStrategy@GRTRMax_MessageStatsReport,GRTRMax,2.4847,2,10470.7864,8609.0000,202.0260,226171,0,0.0000,NaN,NaN,100000.0000,229636
3528,100M,4302.4868,0.0000,3351,1073,0.3202,2,215411,ProphetMulti-bufferSize@100M-dropPolicy@2-forwardingStrategy@GRTRSort_MessageStatsReport,GRTRSort,2.4268,2,10263.0485,8148.0000,216.2451,233104,0,0.0000,NaN,NaN,100000.0000,236640
3529,100M,3879.4641,0.0000,3351,1336,0.3987,2,209146,ProphetMulti-bufferSize@100M-dropPolicy@2-forwardingStrategy@GRTR_MessageStatsReport,GRTR,2.1984,2,14752.7275,11088.0000,168.3443,226244,0,0.0000,NaN,NaN,100000.0000,229777
3360,100M,4488.7566,0.0000,3351,907,0.2707,3,203291,ProphetMulti-bufferSize@100M-dropPolicy@3-forwardingStrategy@COIN_MessageStatsReport,COIN,3.4223,3,5338.1621,4853.0000,242.4708,220828,0,0.0000,NaN,NaN,100000.0000,224188
3321,100M,5308.6974,0.0000,3351,1362,0.4064,3,202066,ProphetMulti-bufferSize@100M-dropPolicy@3-forwardingStrategy@GRTRMax_MessageStatsReport,GRTRMax,2.2790,2,11290.9780,9569.0000,160.5639,220050,0,0.0000,NaN,NaN,100000.0000,223379
3475,100M,4939.9252,0.0000,3351,1313,0.3918,3,210373,ProphetMulti-bufferSize@100M-dropPolicy@3-forwardingStrategy@GRTRSort_MessageStatsReport,GRTRSort,2.3572,2,10949.1470,9176.0000,172.8081,228210,0,0.0000,NaN,NaN,100000.0000,231689
3793,100M,4834.0573,0.0000,3351,1263,0.3769,3,214954,ProphetMulti-bufferSize@100M-dropPolicy@3-forwardingStrategy@GRTR_MessageStatsReport,GRTR,2.2724,2,11785.9525,9031.0000,183.3492,232833,0,0.0000,NaN,NaN,100000.0000,236634
3700,100M,7886.8896,6861.0000,3351,2754,0.8218,4,208953,ProphetMulti-bufferSize@100M-dropPolicy@4-forwardingStrategy@COIN_MessageStatsReport,COIN,2.9597,3,10968.4742,10275.0000,81.9041,228318,0,0.0000,NaN,NaN,100000.0000,232021
3432,100M,6648.9068,0.0000,3351,2531,0.7553,4,211786,ProphetMulti-bufferSize@100M-dropPolicy@4-forwardingStrategy@GRTRMax_MessageStatsReport,GRTRMax,2.1687,2,14738.5946,12068.0000,90.2402,230929,0,0.0000,NaN,NaN,100000.0000,234364
3464,100M,6966.8620,0.0000,3351,2548,0.7604,4,204384,ProphetMulti-bufferSize@100M-dropPolicy@4-forwardingStrategy@GRTRSort_MessageStatsReport,GRTRSort,2.2162,2,15363.8477,12947.0000,86.7331,223544,0,0.0000,NaN,NaN,100000.0000,227013
3573,100M,6669.8140,0.0000,3351,2367,0.7064,4,208586,ProphetMulti-bufferSize@100M-dropPolicy@4-forwardingStrategy@GRTR_MessageStatsReport,GRTR,2.1259,2,14293.9121,11825.0000,95.1420,227568,0,0.0000,NaN,NaN,100000.0000,231145
3635,100M,6598.3108,1675.0000,3351,1105,0.3298,5,218261,ProphetMulti-bufferSize@100M-dropPolicy@5-forwardingStrategy@COIN_MessageStatsReport,COIN,2.8570,3,8242.2217,6317.0000,211.9937,235358,0,0.0000,NaN,NaN,100000.0000,238996
3304,100M,7097.5039,3664.0000,3351,1271,0.3793,5,197093,ProphetMulti-bufferSize@100M-dropPolicy@5-forwardingStrategy@GRTRMax_MessageStatsReport,GRTRMax,2.7962,3,8998.5185,7817.0000,167.7758,214514,0,0.0000,NaN,NaN,100000.0000,217821
3466,100M,6859.0804,3683.0000,3351,1298,0.3873,5,208630,ProphetMulti-bufferSize@100M-dropPolicy@5-forwardingStrategy@GRTRSort_MessageStatsReport,GRTRSort,2.7727,3,8645.4738,7310.0000,173.0570,225926,0,0.0000,NaN,NaN,100000.0000,229398
3464,100M,5297.9062,0.0000,3351,1309,0.3906,5,212645,ProphetMulti-bufferSize@100M-dropPolicy@5-forwardingStrategy@GRTR_MessageStatsReport,GRTR,2.2850,2,10560.0733,8232.0000,174.8541,230193,0,0.0000,NaN,NaN,100000.0000,233660
2169,10M,977.9984,563.0000,3351,758,0.2262,1,169802,ProphetMulti-bufferSize@10M-dropPolicy@1-forwardingStrategy@COIN_MessageStatsReport,COIN,7.7401,6,5970.6636,4314.0000,222.2098,169193,0,0.0000,NaN,NaN,100000.0000,171369
789,10M,1550.3729,829.0000,3351,984,0.2936,1,107497,ProphetMulti-bufferSize@10M-dropPolicy@1-forwardingStrategy@GRTRMax_MessageStatsReport,GRTRMax,3.8679,3,8710.5122,7143.0000,107.8272,107086,0,0.0000,NaN,NaN,100000.0000,107878
889,10M,1447.0190,777.0000,3351,892,0.2662,1,116051,ProphetMulti-bufferSize@10M-dropPolicy@1-forwardingStrategy@GRTRSort_MessageStatsReport,GRTRSort,3.7668,3,8180.0796,6273.0000,128.5583,115566,0,0.0000,NaN,NaN,100000.0000,116457
705,10M,1629.8670,908.0000,3351,894,0.2668,1,100430,ProphetMulti-bufferSize@10M-dropPolicy@1-forwardingStrategy@GRTR_MessageStatsReport,GRTR,3.6398,3,7831.5906,5935.0000,110.8009,99950,0,0.0000,NaN,NaN,100000.0000,100656
1251,10M,1337.2262,62.0000,3351,178,0.0531,2,111585,ProphetMulti-bufferSize@10M-dropPolicy@2-forwardingStrategy@COIN_MessageStatsReport,COIN,3.4888,3,3012.1910,2647.0000,619.2079,110397,0,0.0000,NaN,NaN,100000.0000,111652
2193,10M,952.0024,1.0000,3351,244,0.0728,2,146024,ProphetMulti-bufferSize@10M-dropPolicy@2-forwardingStrategy@GRTRMax_MessageStatsReport,GRTRMax,2.4016,2,5707.3566,5161.0000,592.8730,144905,0,0.0000,NaN,NaN,100000.0000,147101
2140,10M,934.3256,1.0000,3351,260,0.0776,2,152059,ProphetMulti-bufferSize@10M-dropPolicy@2-forwardingStrategy@GRTRSort_MessageStatsReport,GRTRSort,2.4038,2,6055.7769,5477.0000,579.6115,150959,0,0.0000,NaN,NaN,100000.0000,153100
2196,10M,892.5442,0.0000,3351,259,0.0773,2,154488,ProphetMulti-bufferSize@10M-dropPolicy@2-forwardingStrategy@GRTR_MessageStatsReport,GRTR,2.4324,2,6446.7722,5335.0000,591.2201,153385,0,0.0000,NaN,NaN,100000.0000,155583
956,10M,1141.6384,1.0000,3351,153,0.0457,3,74130,ProphetMulti-bufferSize@10M-dropPolicy@3-forwardingStrategy@COIN_MessageStatsReport,COIN,2.9739,2,2467.5882,2244.0000,475.6797,72932,0,0.0000,NaN,NaN,100000.0000,73888
2362,10M,653.4200,0.0000,3351,320,0.0955,3,152347,ProphetMulti-bufferSize@10M-dropPolicy@3-forwardingStrategy@GRTRMax_MessageStatsReport,GRTRMax,2.1813,2,5717.1000,4677.0000,471.5250,151208,0,0.0000,NaN,NaN,100000.0000,153571
2502,10M,661.8482,0.0000,3351,350,0.1044,3,163694,ProphetMulti-bufferSize@10M-dropPolicy@3-forwardingStrategy@GRTRSort_MessageStatsReport,GRTRSort,2.3114,2,6520.4914,5660.0000,463.7943,162678,0,0.0000,NaN,NaN,100000.0000,165183
2523,10M,624.3858,0.0000,3351,317,0.0946,3,168785,ProphetMulti-bufferSize@10M-dropPolicy@3-forwardingStrategy@GRTR_MessageStatsReport,GRTR,2.3123,2,6807.7729,5687.0000,528.1703,167747,0,0.0000,NaN,NaN,100000.0000,170270
3228,10M,868.1107,0.0000,3351,1443,0.4306,4,212476,ProphetMulti-bufferSize@10M-dropPolicy@4-forwardingStrategy@COIN_MessageStatsReport,COIN,3.0243,3,3531.1594,3346.0000,146.2931,212544,0,0.0000,NaN,NaN,100000.0000,215778
3617,10M,748.6426,0.0000,3351,1715,0.5118,4,233083,ProphetMulti-bufferSize@10M-dropPolicy@4-forwardingStrategy@GRTRMax_MessageStatsReport,GRTRMax,2.2303,2,6691.4939,6380.0000,135.1009,233413,0,0.0000,NaN,NaN,100000.0000,237033
3360,10M,769.3767,0.0000,3351,1679,0.5010,4,225339,ProphetMulti-bufferSize@10M-dropPolicy@4-forwardingStrategy@GRTRSort_MessageStatsReport,GRTRSort,2.2740,2,6977.4521,6747.0000,133.3901,225641,0,0.0000,NaN,NaN,100000.0000,229005
3567,10M,791.6852,0.0000,3351,1547,0.4617,4,219186,ProphetMulti-bufferSize@10M-dropPolicy@4-forwardingStrategy@GRTR_MessageStatsReport,GRTR,2.2023,2,6934.1616,6887.0000,140.7899,219349,0,0.0000,NaN,NaN,100000.0000,222919
3358,10M,740.7829,0.0000,3351,351,0.1047,5,222407,ProphetMulti-bufferSize@10M-dropPolicy@5-forwardingStrategy@COIN_MessageStatsReport,COIN,3.1624,2,5822.7721,4465.0000,629.6296,221351,0,0.0000,NaN,NaN,100000.0000,224715
3099,10M,770.6183,0.0000,3351,535,0.1597,5,202890,ProphetMulti-bufferSize@10M-dropPolicy@5-forwardingStrategy@GRTRMax_MessageStatsReport,GRTRMax,2.5776,2,7146.0112,5596.0000,376.5607,201995,0,0.0000,NaN,NaN,100000.0000,205099
2980,10M,831.5555,0.0000,3351,573,0.1710,5,196991,ProphetMulti-bufferSize@10M-dropPolicy@5-forwardingStrategy@GRTRSort_MessageStatsReport,GRTRSort,2.6562,2,7597.4363,5825.0000,341.3700,196178,0,0.0000,NaN,NaN,100000.0000,199161
3265,10M,762.5572,0.0000,3351,457,0.1364,5,208571,ProphetMulti-bufferSize@10M-dropPolicy@5-forwardingStrategy@GRTR_MessageStatsReport,GRTR,2.3260,2,6882.8162,5198.0000,453.3807,207652,0,0.0000,NaN,NaN,100000.0000,210921
3601,110M,8282.5005,7844.0000,3351,1855,0.5536,1,213574,ProphetMulti-bufferSize@110M-dropPolicy@1-forwardingStrategy@COIN_MessageStatsReport,COIN,3.2383,3,10569.0663,8266.0000,124.8485,233449,0,0.0000,NaN,NaN,100000.0000,237055
3330,110M,8427.2341,7382.0000,3351,2045,0.6103,1,193439,ProphetMulti-bufferSize@110M-dropPolicy@1-forwardingStrategy@GRTRMax_MessageStatsReport,GRTRMax,2.7795,3,10751.1193,8879.0000,103.4386,213577,0,0.0000,NaN,NaN,100000.0000,216910
3283,110M,8391.6294,7421.0000,3351,2047,0.6109,1,197196,ProphetMulti-bufferSize@110M-dropPolicy@1-forwardingStrategy@GRTRSort_MessageStatsReport,GRTRSort,2.8412,3,11064.7079,9231.0000,105.1597,217309,0,0.0000,NaN,NaN,100000.0000,220599
3389,110M,8710.6433,7644.0000,3351,1553,0.4634,1,195275,ProphetMulti-bufferSize@110M-dropPolicy@1-forwardingStrategy@GRTR_MessageStatsReport,GRTR,2.5724,2,9492.1146,8076.0000,137.7289,215446,0,0.0000,NaN,NaN,100000.0000,218839
3264,110M,5362.1987,4.0000,3351,850,0.2537,2,189855,ProphetMulti-bufferSize@110M-dropPolicy@2-forwardingStrategy@COIN_MessageStatsReport,COIN,3.6447,3,5323.8682,4780.0000,245.2741,209333,0,0.0000,NaN,NaN,100000.0000,212602
3557,110M,4631.1237,0.0000,3351,1176,0.3509,2,216399,ProphetMulti-bufferSize@110M-dropPolicy@2-forwardingStrategy@GRTRMax_MessageStatsReport,GRTRMax,2.3895,2,10968.1854,8647.0000,199.8469,236196,0,0.0000,NaN,NaN,100000.0000,239760
3479,110M,4741.2725,0.0000,3351,1097,0.3274,2,206155,ProphetMulti-bufferSize@110M-dropPolicy@2-forwardingStrategy@GRTRSort_MessageStatsReport,GRTRSort,2.4540,2,10860.6974,8667.0000,204.8988,225871,0,0.0000,NaN,NaN,100000.0000,229354
3503,110M,4148.8573,0.0000,3351,1391,0.4151,2,204208,ProphetMulti-bufferSize@110M-dropPolicy@2-forwardingStrategy@GRTR_MessageStatsReport,GRTR,2.2286,2,14713.3861,10826.0000,159.4838,223233,0,0.0000,NaN,NaN,100000.0000,226743
3494,110M,4977.0771,0.0000,3351,1043,0.3113,3,207089,ProphetMulti-bufferSize@110M-dropPolicy@3-forwardingStrategy@COIN_MessageStatsReport,COIN,3.4487,3,5726.6203,5240.0000,216.4123,226761,0,0.0000,NaN,NaN,100000.0000,230261
3477,110M,5472.3980,0.0000,3351,1363,0.4067,3,202206,ProphetMulti-bufferSize@110M-dropPolicy@3-forwardingStrategy@GRTRMax_MessageStatsReport,GRTRMax,2.3500,2,11045.4270,8960.0000,162.0132,222187,0,0.0000,NaN,NaN,100000.0000,225666
3426,110M,5729.6987,0.0000,3351,1471,0.4390,3,197707,ProphetMulti-bufferSize@110M-dropPolicy@3-forwardingStrategy@GRTRSort_MessageStatsReport,GRTRSort,2.2869,2,11534.3637,9500.0000,146.9925,217697,0,0.0000,NaN,NaN,100000.0000,221128
3586,110M,5187.6339,0.0000,3351,1307,0.3900,3,208370,ProphetMulti-bufferSize@110M-dropPolicy@3-forwardingStrategy@GRTR_MessageStatsReport,GRTR,2.3328,2,11681.4185,8855.0000,173.6679,228291,0,0.0000,NaN,NaN,100000.0000,231881
3936,110M,8077.3230,7049.0000,3351,2839,0.8472,4,225915,ProphetMulti-bufferSize@110M-dropPolicy@4-forwardingStrategy@COIN_MessageStatsReport,COIN,2.8598,3,10365.4452,9497.0000,86.1328,247370,0,0.0000,NaN,NaN,100000.0000,251309
3217,110M,7818.3752,0.0000,3351,2487,0.7422,4,191640,ProphetMulti-bufferSize@110M-dropPolicy@4-forwardingStrategy@GRTRMax_MessageStatsReport,GRTRMax,2.2248,2,15557.0917,12898.0000,84.5440,212748,0,0.0000,NaN,NaN,100000.0000,215968
3321,110M,7767.4612,0.0000,3351,2531,0.7553,4,193451,ProphetMulti-bufferSize@110M-dropPolicy@4-forwardingStrategy@GRTRSort_MessageStatsReport,GRTRSort,2.2153,2,15525.1379,12867.0000,83.7851,214591,0,0.0000,NaN,NaN,100000.0000,217919
3501,110M,7202.3912,0.0000,3351,2283,0.6813,4,202424,ProphetMulti-bufferSize@110M-dropPolicy@4-forwardingStrategy@GRTR_MessageStatsReport,GRTR,2.1130,2,14872.2816,11649.0000,96.8248,223334,0,0.0000,NaN,NaN,100000.0000,226836
3605,110M,7359.5905,2414.0000,3351,1174,0.3503,5,212881,ProphetMulti-bufferSize@110M-dropPolicy@5-forwardingStrategy@COIN_MessageStatsReport,COIN,2.9574,3,8892.4855,6835.0000,196.8058,232224,0,0.0000,NaN,NaN,100000.0000,235831
3226,110M,7848.0213,4571.0000,3351,1357,0.4050,5,190545,ProphetMulti-bufferSize@110M-dropPolicy@5-forwardingStrategy@GRTRMax_MessageStatsReport,GRTRMax,2.7259,2,8897.7988,7667.0000,153.7325,209972,0,0.0000,NaN,NaN,100000.0000,213206
3340,110M,7590.6429,4383.0000,3351,1338,0.3993,5,203401,ProphetMulti-bufferSize@110M-dropPolicy@5-forwardingStrategy@GRTRSort_MessageStatsReport,GRTRSort,2.7848,3,9332.9410,7807.0000,165.6599,222991,0,0.0000,NaN,NaN,100000.0000,226340
3466,110M,6073.7754,0.0000,3351,1401,0.4181,5,203575,ProphetMulti-bufferSize@110M-dropPolicy@5-forwardingStrategy@GRTR_MessageStatsReport,GRTR,2.2598,2,10942.6695,8607.0000,158.3812,223293,0,0.0000,NaN,NaN,100000.0000,226763
3881,120M,8528.1418,7948.0000,3351,1934,0.5771,1,225616,ProphetMulti-bufferSize@120M-dropPolicy@1-forwardingStrategy@COIN_MessageStatsReport,COIN,3.1153,3,10383.5584,8115.0000,127.0134,247578,0,0.0000,NaN,NaN,100000.0000,251464
3309,120M,8982.2741,7835.0000,3351,2102,0.6273,1,198487,ProphetMulti-bufferSize@120M-dropPolicy@1-forwardingStrategy@GRTRMax_MessageStatsReport,GRTRMax,2.7545,2,11239.5595,9187.0000,104.0114,220734,0,0.0000,NaN,NaN,100000.0000,224046
3275,120M,9441.1273,8505.0000,3351,2078,0.6201,1,186772,ProphetMulti-bufferSize@120M-dropPolicy@1-forwardingStrategy@GRTRSort_MessageStatsReport,GRTRSort,2.7676,3,10864.2998,9023.0000,99.5053,208850,0,0.0000,NaN,NaN,100000.0000,212132
3365,120M,9662.2829,8557.0000,3351,1592,0.4751,1,189425,ProphetMulti-bufferSize@120M-dropPolicy@1-forwardingStrategy@GRTR_MessageStatsReport,GRTR,2.5446,2,9777.9265,8259.0000,131.9322,211628,0,0.0000,NaN,NaN,100000.0000,214998
3611,120M,5336.9003,4.0000,3351,903,0.2695,2,211826,ProphetMulti-bufferSize@120M-dropPolicy@2-forwardingStrategy@COIN_MessageStatsReport,COIN,3.8771,4,4876.0764,4384.0000,257.4241,233357,0,0.0000,NaN,NaN,100000.0000,236976
3593,120M,5229.1727,0.0000,3351,1201,0.3584,2,202702,ProphetMulti-bufferSize@120M-dropPolicy@2-forwardingStrategy@GRTRMax_MessageStatsReport,GRTRMax,2.4038,2,10952.0566,8405.0000,185.9425,224518,0,0.0000,NaN,NaN,100000.0000,228118
3221,120M,5439.3504,0.0000,3351,1239,0.3697,2,195150,ProphetMulti-bufferSize@120M-dropPolicy@2-forwardingStrategy@GRTRSort_MessageStatsReport,GRTRSort,2.4157,2,11351.3939,9252.0000,174.1493,217010,0,0.0000,NaN,NaN,100000.0000,220235
3436,120M,4336.7933,0.0000,3351,1522,0.4542,2,204271,ProphetMulti-bufferSize@120M-dropPolicy@2-forwardingStrategy@GRTR_MessageStatsReport,GRTR,2.1597,2,15022.2878,10943.0000,146.8154,224975,0,0.0000,NaN,NaN,100000.0000,228414
3290,120M,6223.1391,0.0000,3351,1075,0.3208,3,194522,ProphetMulti-bufferSize@120M-dropPolicy@3-forwardingStrategy@COIN_MessageStatsReport,COIN,3.5088,3,6295.4753,5382.0000,200.0465,216125,0,0.0000,NaN,NaN,100000.0000,219420
3556,120M,5610.2449,0.0000,3351,1464,0.4369,3,216532,ProphetMulti-bufferSize@120M-dropPolicy@3-forwardingStrategy@GRTRMax_MessageStatsReport,GRTRMax,2.2978,2,11422.0246,9516.0000,161.9959,238626,0,0.0000,NaN,NaN,100000.0000,242186
3593,120M,6093.9138,0.0000,3351,1591,0.4748,3,210153,ProphetMulti-bufferSize@120M-dropPolicy@3-forwardingStrategy@GRTRSort_MessageStatsReport,GRTRSort,2.2407,2,12008.4758,9553.0000,145.0497,232365,0,0.0000,NaN,NaN,100000.0000,235963
3487,120M,5799.7302,0.0000,3351,1373,0.4097,3,195410,ProphetMulti-bufferSize@120M-dropPolicy@3-forwardingStrategy@GRTR_MessageStatsReport,GRTR,2.3095,2,12124.0255,9326.0000,157.3372,217397,0,0.0000,NaN,NaN,100000.0000,220891
3964,120M,8527.1181,7753.0000,3351,2816,0.8403,4,228541,ProphetMulti-bufferSize@120M-dropPolicy@4-forwardingStrategy@COIN_MessageStatsReport,COIN,2.9329,3,10548.5273,9655.0000,88.4787,251972,0,0.0000,NaN,NaN,100000.0000,255941
3536,120M,7945.4380,0.0000,3351,2498,0.7454,4,202895,ProphetMulti-bufferSize@120M-dropPolicy@4-forwardingStrategy@GRTRMax_MessageStatsReport,GRTRMax,2.1721,2,14694.3331,12119.0000,89.4764,226010,0,0.0000,NaN,NaN,100000.0000,229547
3651,120M,7532.2589,0.0000,3351,2483,0.7410,4,218829,ProphetMulti-bufferSize@120M-dropPolicy@4-forwardingStrategy@GRTRSort_MessageStatsReport,GRTRSort,2.1675,2,14562.4748,11597.0000,96.4358,241933,0,0.0000,NaN,NaN,100000.0000,245590
3696,120M,7710.8802,0.0000,3351,2365,0.7058,4,207386,ProphetMulti-bufferSize@120M-dropPolicy@4-forwardingStrategy@GRTR_MessageStatsReport,GRTR,2.1738,2,14736.2973,11558.0000,96.4097,230374,0,0.0000,NaN,NaN,100000.0000,234073
3673,120M,7976.7746,2734.0000,3351,1176,0.3509,5,214018,ProphetMulti-bufferSize@120M-dropPolicy@5-forwardingStrategy@COIN_MessageStatsReport,COIN,2.9507,3,8923.0935,6983.0000,199.2406,235483,0,0.0000,NaN,NaN,100000.0000,239162
3362,120M,8326.8272,4971.0000,3351,1369,0.4085,5,196449,ProphetMulti-bufferSize@120M-dropPolicy@5-forwardingStrategy@GRTRMax_MessageStatsReport,GRTRMax,2.6954,2,8586.6428,7192.0000,158.1242,217841,0,0.0000,NaN,NaN,100000.0000,221208
3547,120M,7796.7338,4251.0000,3351,1386,0.4136,5,208526,ProphetMulti-bufferSize@120M-dropPolicy@5-forwardingStrategy@GRTRSort_MessageStatsReport,GRTRSort,2.7330,3,8594.2417,7223.0000,164.9971,230072,0,0.0000,NaN,NaN,100000.0000,233624
3610,120M,6323.6155,0.0000,3351,1533,0.4575,5,207296,ProphetMulti-bufferSize@120M-dropPolicy@5-forwardingStrategy@GRTR_MessageStatsReport,GRTR,2.2890,2,11332.1950,8656.0000,148.3098,228892,0,0.0000,NaN,NaN,100000.0000,232510
3593,130M,9877.4549,9310.0000,3351,1951,0.5822,1,207275,ProphetMulti-bufferSize@130M-dropPolicy@1-forwardingStrategy@COIN_MessageStatsReport,COIN,3.0753,3,11402.7304,9360.0000,117.4710,231137,0,0.0000,NaN,NaN,100000.0000,234736
3354,130M,10159.5086,8932.0000,3351,2063,0.6156,1,186886,ProphetMulti-bufferSize@130M-dropPolicy@1-forwardingStrategy@GRTRMax_MessageStatsReport,GRTRMax,2.6680,2,11268.0175,9078.0000,101.2569,210956,0,0.0000,NaN,NaN,100000.0000,214313
3369,130M,10016.2530,9030.0000,3351,2113,0.6306,1,189742,ProphetMulti-bufferSize@130M-dropPolicy@1-forwardingStrategy@GRTRSort_MessageStatsReport,GRTRSort,2.7227,3,11430.3867,9219.0000,100.2688,213981,0,0.0000,NaN,NaN,100000.0000,217354
3432,130M,10189.4603,8991.0000,3351,1706,0.5091,1,192668,ProphetMulti-bufferSize@130M-dropPolicy@1-forwardingStrategy@GRTR_MessageStatsReport,GRTR,2.5363,2,10129.9074,8374.0000,126.1934,216992,0,0.0000,NaN,NaN,100000.0000,220431
3543,130M,5971.1496,4.0000,3351,974,0.2907,2,203479,ProphetMulti-bufferSize@130M-dropPolicy@2-forwardingStrategy@COIN_MessageStatsReport,COIN,3.6314,3,5385.6191,4769.0000,232.1427,227081,0,0.0000,NaN,NaN,100000.0000,230625
3534,130M,5388.0809,0.0000,3351,1246,0.3718,2,205645,ProphetMulti-bufferSize@130M-dropPolicy@2-forwardingStrategy@GRTRMax_MessageStatsReport,GRTRMax,2.4342,2,11064.0281,8692.0000,183.2006,229514,0,0.0000,NaN,NaN,100000.0000,233054
3479,130M,5687.7264,0.0000,3351,1257,0.3751,2,198147,ProphetMulti-bufferSize@130M-dropPolicy@2-forwardingStrategy@GRTRSort_MessageStatsReport,GRTRSort,2.4049,2,11710.4073,9198.0000,175.6348,222030,0,0.0000,NaN,NaN,100000.0000,225513
3653,130M,4640.1546,0.0000,3351,1575,0.4700,2,208844,ProphetMulti-bufferSize@130M-dropPolicy@2-forwardingStrategy@GRTR_MessageStatsReport,GRTR,2.2298,2,15190.4654,11335.0000,145.7498,231131,0,0.0000,NaN,NaN,100000.0000,234788
3400,130M,5579.7178,0.0000,3351,1108,0.3306,3,201035,ProphetMulti-bufferSize@130M-dropPolicy@3-forwardingStrategy@COIN_MessageStatsReport,COIN,3.3899,3,6135.0695,5517.0000,201.8691,224779,0,0.0000,NaN,NaN,100000.0000,228184
3632,130M,6468.0315,0.0000,3351,1594,0.4757,3,206711,ProphetMulti-bufferSize@130M-dropPolicy@3-forwardingStrategy@GRTRMax_MessageStatsReport,GRTRMax,2.3363,2,11849.2509,9615.0000,143.8049,230819,0,0.0000,NaN,NaN,100000.0000,234453
3691,130M,6174.5092,0.0000,3351,1560,0.4655,3,215593,ProphetMulti-bufferSize@130M-dropPolicy@3-forwardingStrategy@GRTRSort_MessageStatsReport,GRTRSort,2.3365,2,11433.6571,9634.0000,152.7006,239773,0,0.0000,NaN,NaN,100000.0000,243469
3377,130M,6476.5090,0.0000,3351,1514,0.4518,3,187868,ProphetMulti-bufferSize@130M-dropPolicy@3-forwardingStrategy@GRTR_MessageStatsReport,GRTR,2.2325,2,12832.9868,9959.0000,139.0271,212001,0,0.0000,NaN,NaN,100000.0000,215381
3648,130M,9861.7400,9176.0000,3351,2728,0.8141,4,207414,ProphetMulti-bufferSize@130M-dropPolicy@4-forwardingStrategy@COIN_MessageStatsReport,COIN,2.8783,3,11501.4274,10385.0000,84.3215,232757,0,0.0000,NaN,NaN,100000.0000,236406
3572,130M,8466.2116,0.0000,3351,2474,0.7383,4,200009,ProphetMulti-bufferSize@130M-dropPolicy@4-forwardingStrategy@GRTRMax_MessageStatsReport,GRTRMax,2.1843,2,14831.4147,12236.0000,89.9826,225091,0,0.0000,NaN,NaN,100000.0000,228668
3399,130M,8515.9631,0.0000,3351,2481,0.7404,4,198803,ProphetMulti-bufferSize@130M-dropPolicy@4-forwardingStrategy@GRTRSort_MessageStatsReport,GRTRSort,2.1923,2,14757.3926,12251.0000,89.2435,223894,0,0.0000,NaN,NaN,100000.0000,227299
3338,130M,8680.5137,0.0000,3351,2353,0.7022,4,188118,ProphetMulti-bufferSize@130M-dropPolicy@4-forwardingStrategy@GRTR_MessageStatsReport,GRTR,2.2014,2,15051.0064,12077.0000,89.5627,213094,0,0.0000,NaN,NaN,100000.0000,216435
3579,130M,9124.0111,4132.0000,3351,1339,0.3996,5,197077,ProphetMulti-bufferSize@130M-dropPolicy@5-forwardingStrategy@COIN_MessageStatsReport,COIN,2.7991,2,9346.3973,7236.0000,163.4653,220219,0,0.0000,NaN,NaN,100000.0000,223803
3420,130M,8732.1315,5341.0000,3351,1443,0.4306,5,203187,ProphetMulti-bufferSize@130M-dropPolicy@5-forwardingStrategy@GRTRMax_MessageStatsReport,GRTRMax,2.6757,2,8452.0561,7211.0000,156.0839,226672,0,0.0000,NaN,NaN,100000.0000,230096
3525,130M,8208.3178,4247.0000,3351,1374,0.4100,5,209686,ProphetMulti-bufferSize@130M-dropPolicy@5-forwardingStrategy@GRTRSort_MessageStatsReport,GRTRSort,2.6281,2,8089.7613,6959.0000,168.7744,233270,0,0.0000,NaN,NaN,100000.0000,236800
3567,130M,6846.0271,0.0000,3351,1547,0.4617,5,199059,ProphetMulti-bufferSize@130M-dropPolicy@5-forwardingStrategy@GRTR_MessageStatsReport,GRTR,2.2353,2,11450.8171,8777.0000,142.8759,222576,0,0.0000,NaN,NaN,100000.0000,226147
3602,140M,10509.0773,9908.0000,3351,1956,0.5837,1,208864,ProphetMulti-bufferSize@140M-dropPolicy@1-forwardingStrategy@COIN_MessageStatsReport,COIN,3.0169,3,11390.6089,8814.0000,118.9550,234632,0,0.0000,NaN,NaN,100000.0000,238236
3336,140M,10621.7819,9795.0000,3351,2179,0.6503,1,191507,ProphetMulti-bufferSize@140M-dropPolicy@1-forwardingStrategy@GRTRMax_MessageStatsReport,GRTRMax,2.7256,2,11304.9220,9386.0000,98.9578,217808,0,0.0000,NaN,NaN,100000.0000,221146
3436,140M,10282.1122,9083.0000,3351,2133,0.6365,1,200355,ProphetMulti-bufferSize@140M-dropPolicy@1-forwardingStrategy@GRTRSort_MessageStatsReport,GRTRSort,2.7079,3,11230.3000,9222.0000,105.2250,226578,0,0.0000,NaN,NaN,100000.0000,230016
3472,140M,10762.3706,9469.0000,3351,1740,0.5192,1,194207,ProphetMulti-bufferSize@140M-dropPolicy@1-forwardingStrategy@GRTR_MessageStatsReport,GRTR,2.4718,2,10050.6391,8344.0000,125.7552,220554,0,0.0000,NaN,NaN,100000.0000,224033
3380,140M,6163.9196,5.0000,3351,1033,0.3083,2,196137,ProphetMulti-bufferSize@140M-dropPolicy@2-forwardingStrategy@COIN_MessageStatsReport,COIN,3.5915,3,6020.5324,5534.0000,213.7038,221789,0,0.0000,NaN,NaN,100000.0000,225176
3358,140M,6218.3981,0.0000,3351,1327,0.3960,2,191552,ProphetMulti-bufferSize@140M-dropPolicy@2-forwardingStrategy@GRTRMax_MessageStatsReport,GRTRMax,2.4175,2,11494.0422,9036.0000,162.8968,217491,0,0.0000,NaN,NaN,100000.0000,220856
3437,140M,5958.7182,0.0000,3351,1332,0.3975,2,197535,ProphetMulti-bufferSize@140M-dropPolicy@2-forwardingStrategy@GRTRSort_MessageStatsReport,GRTRSort,2.4497,2,11520.6441,9283.0000,166.7665,223465,0,0.0000,NaN,NaN,100000.0000,226911
3719,140M,4878.9215,0.0000,3351,1662,0.4960,2,212740,ProphetMulti-bufferSize@140M-dropPolicy@2-forwardingStrategy@GRTR_MessageStatsReport,GRTR,2.1763,2,14961.1035,10812.0000,141.3538,236592,0,0.0000,NaN,NaN,100000.0000,240316
3422,140M,6397.5167,0.0000,3351,1146,0.3420,3,201982,ProphetMulti-bufferSize@140M-dropPolicy@3-forwardingStrategy@COIN_MessageStatsReport,COIN,3.4887,3,6280.4398,5547.0000,197.7417,227758,0,0.0000,NaN,NaN,100000.0000,231186
3353,140M,7110.2328,0.0000,3351,1656,0.4942,3,193257,ProphetMulti-bufferSize@140M-dropPolicy@3-forwardingStrategy@GRTRMax_MessageStatsReport,GRTRMax,2.3327,2,11696.5169,9507.0000,131.5688,219534,0,0.0000,NaN,NaN,100000.0000,222893
3194,140M,6921.5820,0.0000,3351,1526,0.4554,3,189125,ProphetMulti-bufferSize@140M-dropPolicy@3-forwardingStrategy@GRTRSort_MessageStatsReport,GRTRSort,2.3447,2,12050.7490,10048.0000,140.0668,215268,0,0.0000,NaN,NaN,100000.0000,218472
3532,140M,6477.5371,0.0000,3351,1642,0.4900,3,203300,ProphetMulti-bufferSize@140M-dropPolicy@3-forwardingStrategy@GRTR_MessageStatsReport,GRTR,2.2631,2,12352.1608,9721.0000,138.8088,229566,0,0.0000,NaN,NaN,100000.0000,233102
3833,140M,10012.8093,9532.0000,3351,2815,0.8400,4,219860,ProphetMulti-bufferSize@140M-dropPolicy@4-forwardingStrategy@COIN_MessageStatsReport,COIN,2.8330,3,11290.0362,10404.0000,86.8433,247279,0,0.0000,NaN,NaN,100000.0000,251116
3467,140M,9171.4264,0.0000,3351,2486,0.7419,4,197679,ProphetMulti-bufferSize@140M-dropPolicy@4-forwardingStrategy@GRTRMax_MessageStatsReport,GRTRMax,2.1589,2,14456.9618,12033.0000,89.4200,224784,0,0.0000,NaN,NaN,100000.0000,228257
3532,140M,9163.0780,0.0000,3351,2500,0.7460,4,198668,ProphetMulti-bufferSize@140M-dropPolicy@4-forwardingStrategy@GRTRSort_MessageStatsReport,GRTRSort,2.1344,2,14713.4080,11839.0000,89.3144,225786,0,0.0000,NaN,NaN,100000.0000,229320
3565,140M,8873.7034,0.0000,3351,2399,0.7159,4,200730,ProphetMulti-bufferSize@140M-dropPolicy@4-forwardingStrategy@GRTR_MessageStatsReport,GRTR,2.1355,2,15020.4681,11709.0000,93.9329,227744,0,0.0000,NaN,NaN,100000.0000,231312
3763,140M,8981.3507,3594.0000,3351,1287,0.3841,5,211322,ProphetMulti-bufferSize@140M-dropPolicy@5-forwardingStrategy@COIN_MessageStatsReport,COIN,2.9285,3,8810.0101,7042.0000,182.8034,236555,0,0.0000,NaN,NaN,100000.0000,240322
3244,140M,9635.0907,6069.0000,3351,1462,0.4363,5,189394,ProphetMulti-bufferSize@140M-dropPolicy@5-forwardingStrategy@GRTRMax_MessageStatsReport,GRTRMax,2.7373,3,9060.3782,7892.0000,145.9350,214819,0,0.0000,NaN,NaN,100000.0000,218069
3278,140M,9760.1633,6364.0000,3351,1459,0.4354,5,189933,ProphetMulti-bufferSize@140M-dropPolicy@5-forwardingStrategy@GRTRSort_MessageStatsReport,GRTRSort,2.6737,3,9055.5922,7717.0000,146.6436,215412,0,0.0000,NaN,NaN,100000.0000,218695
3533,140M,6756.4681,0.0000,3351,1542,0.4602,5,198317,ProphetMulti-bufferSize@140M-dropPolicy@5-forwardingStrategy@GRTR_MessageStatsReport,GRTR,2.2977,2,11503.3431,8876.0000,144.2899,224037,0,0.0000,NaN,NaN,100000.0000,227573
3620,150M,11446.8902,10880.0000,3351,2018,0.6022,1,203566,ProphetMulti-bufferSize@150M-dropPolicy@1-forwardingStrategy@COIN_MessageStatsReport,COIN,3.0064,3,11761.3920,9464.0000,113.5882,231239,0,0.0000,NaN,NaN,100000.0000,234861
3561,150M,11161.1008,10007.0000,3351,2191,0.6538,1,194446,ProphetMulti-bufferSize@150M-dropPolicy@1-forwardingStrategy@GRTRMax_MessageStatsReport,GRTRMax,2.6198,2,11166.5614,9102.0000,100.6750,222770,0,0.0000,NaN,NaN,100000.0000,226340
3278,150M,11568.2446,10329.0000,3351,2181,0.6509,1,184844,ProphetMulti-bufferSize@150M-dropPolicy@1-forwardingStrategy@GRTRSort_MessageStatsReport,GRTRSort,2.6048,2,11504.3365,9496.0000,96.6745,213028,0,0.0000,NaN,NaN,100000.0000,216308
3661,150M,10834.4553,9726.0000,3351,1719,0.5130,1,205719,ProphetMulti-bufferSize@150M-dropPolicy@1-forwardingStrategy@GRTR_MessageStatsReport,GRTR,2.4427,2,9748.5428,8118.0000,135.1530,234047,0,0.0000,NaN,NaN,100000.0000,237715
3469,150M,6567.9527,6.0000,3351,1087,0.3244,2,195963,ProphetMulti-bufferSize@150M-dropPolicy@2-forwardingStrategy@COIN_MessageStatsReport,COIN,3.6044,3,5949.9108,5248.0000,204.7737,223676,0,0.0000,NaN,NaN,100000.0000,227150
3398,150M,6106.0892,0.0000,3351,1356,0.4047,2,195878,ProphetMulti-bufferSize@150M-dropPolicy@2-forwardingStrategy@GRTRMax_MessageStatsReport,GRTRMax,2.3547,2,11331.8016,9033.0000,164.0715,223837,0,0.0000,NaN,NaN,100000.0000,227240
3371,150M,6384.7325,0.0000,3351,1378,0.4112,2,193321,ProphetMulti-bufferSize@150M-dropPolicy@2-forwardingStrategy@GRTRSort_MessageStatsReport,GRTRSort,2.3766,2,11684.7576,9205.0000,159.5994,221306,0,0.0000,NaN,NaN,100000.0000,224678
3338,150M,5590.5948,0.0000,3351,1733,0.5172,2,191376,ProphetMulti-bufferSize@150M-dropPolicy@2-forwardingStrategy@GRTR_MessageStatsReport,GRTR,2.1160,2,15790.4778,11291.0000,124.0923,216785,0,0.0000,NaN,NaN,100000.0000,220127
3371,150M,7479.2603,0.0000,3351,1277,0.3811,3,189052,ProphetMulti-bufferSize@150M-dropPolicy@3-forwardingStrategy@COIN_MessageStatsReport,COIN,3.2999,3,6934.1026,6284.0000,168.8982,216960,0,0.0000,NaN,NaN,100000.0000,220336
3410,150M,7331.7154,0.0000,3351,1610,0.4805,3,194145,ProphetMulti-bufferSize@150M-dropPolicy@3-forwardingStrategy@GRTRMax_MessageStatsReport,GRTRMax,2.2981,2,11802.9230,9681.0000,137.1217,222376,0,0.0000,NaN,NaN,100000.0000,225793
3638,150M,7241.5188,0.0000,3351,1820,0.5431,3,207833,ProphetMulti-bufferSize@150M-dropPolicy@3-forwardingStrategy@GRTRSort_MessageStatsReport,GRTRSort,2.2291,2,11710.1313,9370.0000,128.8176,236268,0,0.0000,NaN,NaN,100000.0000,239907
3495,150M,6582.3493,0.0000,3351,1558,0.4649,3,204143,ProphetMulti-bufferSize@150M-dropPolicy@3-forwardingStrategy@GRTR_MessageStatsReport,GRTR,2.2843,2,12461.2997,9636.0000,148.1130,232318,0,0.0000,NaN,NaN,100000.0000,235821
3783,150M,10394.7248,10190.0000,3351,2769,0.8263,4,223208,ProphetMulti-bufferSize@150M-dropPolicy@4-forwardingStrategy@COIN_MessageStatsReport,COIN,2.9021,3,10941.5143,9664.0000,90.2203,252589,0,0.0000,NaN,NaN,100000.0000,256376
3145,150M,10859.5896,0.0000,3351,2481,0.7404,4,171889,ProphetMulti-bufferSize@150M-dropPolicy@4-forwardingStrategy@GRTRMax_MessageStatsReport,GRTRMax,2.2245,2,15670.9641,12781.0000,80.0093,200984,0,0.0000,NaN,NaN,100000.0000,204134
3256,150M,9740.4711,0.0000,3351,2495,0.7446,4,192930,ProphetMulti-bufferSize@150M-dropPolicy@4-forwardingStrategy@GRTRSort_MessageStatsReport,GRTRSort,2.1659,2,15219.0421,12257.0000,87.9948,222042,0,0.0000,NaN,NaN,100000.0000,225302
3514,150M,9019.2594,0.0000,3351,2352,0.7019,4,201424,ProphetMulti-bufferSize@150M-dropPolicy@4-forwardingStrategy@GRTR_MessageStatsReport,GRTR,2.1280,2,14835.4486,11638.0000,96.9545,230389,0,0.0000,NaN,NaN,100000.0000,233909
3799,150M,9419.0358,4134.0000,3351,1392,0.4154,5,210146,ProphetMulti-bufferSize@150M-dropPolicy@5-forwardingStrategy@COIN_MessageStatsReport,COIN,2.7953,2,8608.0711,6742.0000,169.6803,237587,0,0.0000,NaN,NaN,100000.0000,241393
3606,150M,9767.6961,5593.0000,3351,1460,0.4357,5,201644,ProphetMulti-bufferSize@150M-dropPolicy@5-forwardingStrategy@GRTRMax_MessageStatsReport,GRTRMax,2.6349,2,8332.5377,6999.0000,155.9753,229184,0,0.0000,NaN,NaN,100000.0000,232795
3373,150M,9897.8948,6322.0000,3351,1527,0.4557,5,194591,ProphetMulti-bufferSize@150M-dropPolicy@5-forwardingStrategy@GRTRSort_MessageStatsReport,GRTRSort,2.6405,2,8883.9365,7770.0000,144.5508,222256,0,0.0000,NaN,NaN,100000.0000,225633
3691,150M,7284.3845,0.0000,3351,1602,0.4781,5,208930,ProphetMulti-bufferSize@150M-dropPolicy@5-forwardingStrategy@GRTR_MessageStatsReport,GRTR,2.2871,2,11346.4463,8678.0000,146.5993,236454,0,0.0000,NaN,NaN,100000.0000,240152
3883,160M,11486.8673,11068.0000,3351,2065,0.6162,1,216384,ProphetMulti-bufferSize@160M-dropPolicy@1-forwardingStrategy@COIN_MessageStatsReport,COIN,2.9642,3,11325.4295,8807.0000,118.2722,246297,0,0.0000,NaN,NaN,100000.0000,250187
3319,160M,12201.8394,11173.0000,3351,2240,0.6685,1,186453,ProphetMulti-bufferSize@160M-dropPolicy@1-forwardingStrategy@GRTRMax_MessageStatsReport,GRTRMax,2.6688,2,11409.6013,9703.0000,95.7147,216641,0,0.0000,NaN,NaN,100000.0000,219965
3227,160M,12851.2039,11884.0000,3351,2197,0.6556,1,174944,ProphetMulti-bufferSize@160M-dropPolicy@1-forwardingStrategy@GRTRSort_MessageStatsReport,GRTRSort,2.6263,2,12194.3414,9956.0000,92.3641,205121,0,0.0000,NaN,NaN,100000.0000,208353
3590,160M,11912.1633,10597.0000,3351,1809,0.5398,1,194615,ProphetMulti-bufferSize@160M-dropPolicy@1-forwardingStrategy@GRTR_MessageStatsReport,GRTR,2.4538,2,10134.2399,8210.0000,123.3908,225023,0,0.0000,NaN,NaN,100000.0000,228616
3527,160M,6867.9315,6.0000,3351,1138,0.3396,2,197733,ProphetMulti-bufferSize@160M-dropPolicy@2-forwardingStrategy@COIN_MessageStatsReport,COIN,3.6380,3,6343.4921,5586.0000,198.9104,227498,0,0.0000,NaN,NaN,100000.0000,231030
3366,160M,6429.6560,0.0000,3351,1438,0.4291,2,192052,ProphetMulti-bufferSize@160M-dropPolicy@2-forwardingStrategy@GRTRMax_MessageStatsReport,GRTRMax,2.4256,2,11592.4409,9286.0000,153.4221,222059,0,0.0000,NaN,NaN,100000.0000,225431
3374,160M,6695.1460,0.0000,3351,1439,0.4294,2,192762,ProphetMulti-bufferSize@160M-dropPolicy@2-forwardingStrategy@GRTRSort_MessageStatsReport,GRTRSort,2.3461,2,11091.8207,9065.0000,153.8353,222808,0,0.0000,NaN,NaN,100000.0000,226188
3734,160M,5649.7530,0.0000,3351,1742,0.5198,2,207484,ProphetMulti-bufferSize@160M-dropPolicy@2-forwardingStrategy@GRTR_MessageStatsReport,GRTR,2.2055,2,15393.6504,11162.0000,133.8450,234900,0,0.0000,NaN,NaN,100000.0000,238639
3543,160M,7457.3096,0.0000,3351,1338,0.3993,3,197930,ProphetMulti-bufferSize@160M-dropPolicy@3-forwardingStrategy@COIN_MessageStatsReport,COIN,3.3259,3,7078.3460,6321.0000,169.1779,227698,0,0.0000,NaN,NaN,100000.0000,231245
3575,160M,7443.3012,0.0000,3351,1723,0.5142,3,199881,ProphetMulti-bufferSize@160M-dropPolicy@3-forwardingStrategy@GRTRMax_MessageStatsReport,GRTRMax,2.2844,2,11747.0493,9432.0000,132.6164,230221,0,0.0000,NaN,NaN,100000.0000,233800
3234,160M,8384.6137,0.0000,3351,1733,0.5172,3,182638,ProphetMulti-bufferSize@160M-dropPolicy@3-forwardingStrategy@GRTRSort_MessageStatsReport,GRTRSort,2.3630,2,13020.0381,10387.0000,121.8477,212895,0,0.0000,NaN,NaN,100000.0000,216133
3630,160M,6729.2886,0.0000,3351,1713,0.5112,3,206177,ProphetMulti-bufferSize@160M-dropPolicy@3-forwardingStrategy@GRTR_MessageStatsReport,GRTR,2.2253,2,12277.2732,9360.0000,137.0665,236508,0,0.0000,NaN,NaN,100000.0000,240144
3849,160M,11266.9676,11321.0000,3351,2746,0.8195,4,219577,ProphetMulti-bufferSize@160M-dropPolicy@4-forwardingStrategy@COIN_MessageStatsReport,COIN,2.8383,3,11076.7542,9673.0000,90.3813,250933,0,0.0000,NaN,NaN,100000.0000,254790
3362,160M,10589.7647,0.0000,3351,2472,0.7377,4,184358,ProphetMulti-bufferSize@160M-dropPolicy@4-forwardingStrategy@GRTRMax_MessageStatsReport,GRTRMax,2.1861,2,14907.8309,11904.0000,86.1521,215440,0,0.0000,NaN,NaN,100000.0000,218808
3301,160M,10773.0638,0.0000,3351,2404,0.7174,4,181712,ProphetMulti-bufferSize@160M-dropPolicy@4-forwardingStrategy@GRTRSort_MessageStatsReport,GRTRSort,2.2038,2,15277.1477,11884.0000,87.4904,212731,0,0.0000,NaN,NaN,100000.0000,216040
3526,160M,9543.9935,0.0000,3351,2382,0.7108,4,197925,ProphetMulti-bufferSize@160M-dropPolicy@4-forwardingStrategy@GRTR_MessageStatsReport,GRTR,2.1255,2,14865.6646,11313.0000,95.1008,228912,0,0.0000,NaN,NaN,100000.0000,232447
3654,160M,10028.8608,4479.0000,3351,1481,0.4420,5,208634,ProphetMulti-bufferSize@160M-dropPolicy@5-forwardingStrategy@COIN_MessageStatsReport,COIN,2.7589,2,8933.8346,6913.0000,159.8393,238203,0,0.0000,NaN,NaN,100000.0000,241865
3273,160M,11379.9889,7720.0000,3351,1564,0.4667,5,183201,ProphetMulti-bufferSize@160M-dropPolicy@5-forwardingStrategy@GRTRMax_MessageStatsReport,GRTRMax,2.7104,3,9528.8037,8148.0000,134.8926,212536,0,0.0000,NaN,NaN,100000.0000,215812
3172,160M,11077.5858,7270.0000,3351,1565,0.4670,5,180703,ProphetMulti-bufferSize@160M-dropPolicy@5-forwardingStrategy@GRTRSort_MessageStatsReport,GRTRSort,2.6824,3,9497.7246,8206.0000,133.3086,210193,0,0.0000,NaN,NaN,100000.0000,213367
3645,160M,7737.6451,0.0000,3351,1579,0.4712,5,202575,ProphetMulti-bufferSize@160M-dropPolicy@5-forwardingStrategy@GRTR_MessageStatsReport,GRTR,2.2394,2,11655.5104,8929.0000,145.8974,231951,0,0.0000,NaN,NaN,100000.0000,235601
3597,170M,12981.2510,12395.0000,3351,2124,0.6338,1,198450,ProphetMulti-bufferSize@170M-dropPolicy@1-forwardingStrategy@COIN_MessageStatsReport,COIN,2.8752,3,11899.8187,9390.0000,107.4195,230283,0,0.0000,NaN,NaN,100000.0000,233886
3186,170M,13537.5452,12369.0000,3351,2299,0.6861,1,176082,ProphetMulti-bufferSize@170M-dropPolicy@1-forwardingStrategy@GRTRMax_MessageStatsReport,GRTRMax,2.5437,2,11778.0526,9898.0000,89.5668,208213,0,0.0000,NaN,NaN,100000.0000,211406
3465,170M,12884.2354,11585.0000,3351,2225,0.6640,1,185384,ProphetMulti-bufferSize@170M-dropPolicy@1-forwardingStrategy@GRTRSort_MessageStatsReport,GRTRSort,2.6274,2,11794.2840,9767.0000,96.7820,217565,0,0.0000,NaN,NaN,100000.0000,221034
3372,170M,13113.2990,11857.0000,3351,1836,0.5479,1,185389,ProphetMulti-bufferSize@170M-dropPolicy@1-forwardingStrategy@GRTR_MessageStatsReport,GRTR,2.4216,2,10332.8181,8552.0000,117.6416,217826,0,0.0000,NaN,NaN,100000.0000,221202
3450,170M,7386.5757,6.0000,3351,1178,0.3515,2,196255,ProphetMulti-bufferSize@170M-dropPolicy@2-forwardingStrategy@COIN_MessageStatsReport,COIN,3.6019,3,6283.5229,5485.0000,192.5908,228050,0,0.0000,NaN,NaN,100000.0000,231505
3465,170M,6943.8731,0.0000,3351,1492,0.4452,2,193137,ProphetMulti-bufferSize@170M-dropPolicy@2-forwardingStrategy@GRTRMax_MessageStatsReport,GRTRMax,2.3847,2,11922.4202,9460.0000,149.8512,225070,0,0.0000,NaN,NaN,100000.0000,228542
3312,170M,7279.1667,0.0000,3351,1493,0.4455,2,183414,ProphetMulti-bufferSize@170M-dropPolicy@2-forwardingStrategy@GRTRSort_MessageStatsReport,GRTRSort,2.4052,2,11875.6973,9611.0000,143.2746,215402,0,0.0000,NaN,NaN,100000.0000,218718
3419,170M,5802.9816,0.0000,3351,1831,0.5464,2,192262,ProphetMulti-bufferSize@170M-dropPolicy@2-forwardingStrategy@GRTR_MessageStatsReport,GRTR,2.1551,2,15371.6166,11242.0000,119.8853,221341,0,0.0000,NaN,NaN,100000.0000,224767
3492,170M,7255.9816,0.0000,3351,1253,0.3739,3,198949,ProphetMulti-bufferSize@170M-dropPolicy@3-forwardingStrategy@COIN_MessageStatsReport,COIN,3.4062,3,6629.5978,5919.0000,183.1437,230732,0,0.0000,NaN,NaN,100000.0000,234229
3516,170M,8021.4120,0.0000,3351,1766,0.5270,3,195115,ProphetMulti-bufferSize@170M-dropPolicy@3-forwardingStrategy@GRTRMax_MessageStatsReport,GRTRMax,2.2780,2,11869.5266,9510.0000,127.8222,227500,0,0.0000,NaN,NaN,100000.0000,231020
3582,170M,7399.5001,0.0000,3351,1690,0.5043,3,200946,ProphetMulti-bufferSize@170M-dropPolicy@3-forwardingStrategy@GRTRSort_MessageStatsReport,GRTRSort,2.2550,2,11655.3793,9454.0000,137.0178,233250,0,0.0000,NaN,NaN,100000.0000,236843
3325,170M,7863.4442,0.0000,3351,1731,0.5166,3,181544,ProphetMulti-bufferSize@170M-dropPolicy@3-forwardingStrategy@GRTR_MessageStatsReport,GRTR,2.2860,2,13519.4165,10280.0000,122.5667,213894,0,0.0000,NaN,NaN,100000.0000,217225
3734,170M,12164.2228,12510.0000,3351,2754,0.8218,4,210442,ProphetMulti-bufferSize@170M-dropPolicy@4-forwardingStrategy@COIN_MessageStatsReport,COIN,2.8744,3,11666.7970,10211.0000,87.5280,243806,0,0.0000,NaN,NaN,100000.0000,247546
3194,170M,11286.2331,0.0000,3351,2424,0.7234,4,176538,ProphetMulti-bufferSize@170M-dropPolicy@4-forwardingStrategy@GRTRMax_MessageStatsReport,GRTRMax,2.2219,2,15729.5842,12387.0000,85.4592,209577,0,0.0000,NaN,NaN,100000.0000,212773
3424,170M,10821.1682,0.0000,3351,2513,0.7499,4,188037,ProphetMulti-bufferSize@170M-dropPolicy@4-forwardingStrategy@GRTRSort_MessageStatsReport,GRTRSort,2.1572,2,14427.4592,11487.0000,87.0068,221161,0,0.0000,NaN,NaN,100000.0000,224587
3437,170M,10660.6458,0.0000,3351,2389,0.7129,4,184642,ProphetMulti-bufferSize@170M-dropPolicy@4-forwardingStrategy@GRTR_MessageStatsReport,GRTR,2.1557,2,15052.5776,11598.0000,90.1021,217643,0,0.0000,NaN,NaN,100000.0000,221087
3635,170M,10973.7845,5585.0000,3351,1501,0.4479,5,197677,ProphetMulti-bufferSize@170M-dropPolicy@5-forwardingStrategy@COIN_MessageStatsReport,COIN,2.7575,2,9266.6236,7316.0000,151.5710,229009,0,0.0000,NaN,NaN,100000.0000,232649
3392,170M,11330.7273,7374.0000,3351,1552,0.4631,5,187539,ProphetMulti-bufferSize@170M-dropPolicy@5-forwardingStrategy@GRTRMax_MessageStatsReport,GRTRMax,2.6765,3,8795.5722,7446.0000,140.0490,218908,0,0.0000,NaN,NaN,100000.0000,222309
3472,170M,10955.7273,6933.0000,3351,1600,0.4775,5,193688,ProphetMulti-bufferSize@170M-dropPolicy@5-forwardingStrategy@GRTRSort_MessageStatsReport,GRTRSort,2.7069,3,8893.2144,7609.0000,139.7075,225132,0,0.0000,NaN,NaN,100000.0000,228605
3485,170M,8265.2413,0.0000,3351,1689,0.5040,5,196833,ProphetMulti-bufferSize@170M-dropPolicy@5-forwardingStrategy@GRTR_MessageStatsReport,GRTR,2.2220,2,11680.8401,8884.0000,134.2789,228486,0,0.0000,NaN,NaN,100000.0000,231978
3598,180M,13886.3953,13213.0000,3351,2126,0.6344,1,194456,ProphetMulti-bufferSize@180M-dropPolicy@1-forwardingStrategy@COIN_MessageStatsReport,COIN,2.8956,3,11988.5555,9579.0000,106.3895,228310,0,0.0000,NaN,NaN,100000.0000,231911
3459,180M,13106.4025,12077.0000,3351,2220,0.6625,1,191940,ProphetMulti-bufferSize@180M-dropPolicy@1-forwardingStrategy@GRTRMax_MessageStatsReport,GRTRMax,2.5676,2,11217.3360,9178.0000,100.8432,226092,0,0.0000,NaN,NaN,100000.0000,229554
3254,180M,13857.9823,12546.0000,3351,2243,0.6694,1,176370,ProphetMulti-bufferSize@180M-dropPolicy@1-forwardingStrategy@GRTRSort_MessageStatsReport,GRTRSort,2.5426,2,11926.6068,9747.0000,92.8720,210555,0,0.0000,NaN,NaN,100000.0000,213812
3471,180M,13422.5535,11921.0000,3351,1870,0.5580,1,190152,ProphetMulti-bufferSize@180M-dropPolicy@1-forwardingStrategy@GRTR_MessageStatsReport,GRTR,2.4594,2,10344.7701,8511.0000,119.1053,224597,0,0.0000,NaN,NaN,100000.0000,228076
3408,180M,7881.8949,6.0000,3351,1237,0.3691,2,190507,ProphetMulti-bufferSize@180M-dropPolicy@2-forwardingStrategy@COIN_MessageStatsReport,COIN,3.5247,3,6393.4592,5784.0000,180.3840,224372,0,0.0000,NaN,NaN,100000.0000,227783
3220,180M,7048.1348,0.0000,3351,1516,0.4524,2,184970,ProphetMulti-bufferSize@180M-dropPolicy@2-forwardingStrategy@GRTRMax_MessageStatsReport,GRTRMax,2.3450,2,11760.5739,9025.0000,143.1168,218481,0,0.0000,NaN,NaN,100000.0000,221705
3308,180M,7662.6372,0.0000,3351,1528,0.4560,2,176428,ProphetMulti-bufferSize@180M-dropPolicy@2-forwardingStrategy@GRTRSort_MessageStatsReport,GRTRSort,2.3527,2,11817.1237,9497.0000,136.5216,210133,0,0.0000,NaN,NaN,100000.0000,213449
3408,180M,6124.4065,0.0000,3351,1842,0.5497,2,187273,ProphetMulti-bufferSize@180M-dropPolicy@2-forwardingStrategy@GRTR_MessageStatsReport,GRTR,2.1574,2,15483.8545,11521.0000,117.5684,218403,0,0.0000,NaN,NaN,100000.0000,221816
3446,180M,8633.4194,0.0000,3351,1307,0.3900,3,180596,ProphetMulti-bufferSize@180M-dropPolicy@3-forwardingStrategy@COIN_MessageStatsReport,COIN,3.3068,3,7450.9510,6759.0000,163.1362,214526,0,0.0000,NaN,NaN,100000.0000,217976
3521,180M,8312.3494,0.0000,3351,1713,0.5112,3,193090,ProphetMulti-bufferSize@180M-dropPolicy@3-forwardingStrategy@GRTRMax_MessageStatsReport,GRTRMax,2.3211,2,11894.5394,9399.0000,131.7630,227423,0,0.0000,NaN,NaN,100000.0000,230951
3418,180M,8682.0650,0.0000,3351,1884,0.5622,3,187784,ProphetMulti-bufferSize@180M-dropPolicy@3-forwardingStrategy@GRTRSort_MessageStatsReport,GRTRSort,2.3195,2,12756.4729,10427.0000,116.9782,222271,0,0.0000,NaN,NaN,100000.0000,225698
3715,180M,7493.0832,0.0000,3351,1725,0.5148,3,196833,ProphetMulti-bufferSize@180M-dropPolicy@3-forwardingStrategy@GRTR_MessageStatsReport,GRTR,2.2197,2,11996.2667,9175.0000,133.0099,231167,0,0.0000,NaN,NaN,100000.0000,234890
3585,180M,13420.9644,13810.0000,3351,2756,0.8224,4,199420,ProphetMulti-bufferSize@180M-dropPolicy@4-forwardingStrategy@COIN_MessageStatsReport,COIN,2.8175,3,12405.5653,10836.0000,84.1909,234786,0,0.0000,NaN,NaN,100000.0000,238376
3328,180M,11811.0205,0.0000,3351,2486,0.7419,4,179661,ProphetMulti-bufferSize@180M-dropPolicy@4-forwardingStrategy@GRTRMax_MessageStatsReport,GRTRMax,2.1870,2,14915.0342,11908.0000,85.3886,214762,0,0.0000,NaN,NaN,100000.0000,218092
3370,180M,11776.6372,0.0000,3351,2464,0.7353,4,177853,ProphetMulti-bufferSize@180M-dropPolicy@4-forwardingStrategy@GRTRSort_MessageStatsReport,GRTRSort,2.1623,2,15078.2240,11676.0000,85.4172,212932,0,0.0000,NaN,NaN,100000.0000,216308
3336,180M,11314.5211,0.0000,3351,2391,0.7135,4,182928,ProphetMulti-bufferSize@180M-dropPolicy@4-forwardingStrategy@GRTR_MessageStatsReport,GRTR,2.1527,2,14601.3789,10758.0000,90.1476,217934,0,0.0000,NaN,NaN,100000.0000,221273
3663,180M,11025.0005,5157.0000,3351,1453,0.4336,5,200131,ProphetMulti-bufferSize@180M-dropPolicy@5-forwardingStrategy@COIN_MessageStatsReport,COIN,2.8968,3,9104.4219,7464.0000,159.6070,233362,0,0.0000,NaN,NaN,100000.0000,237027
3305,180M,12285.9770,8221.0000,3351,1659,0.4951,5,178310,ProphetMulti-bufferSize@180M-dropPolicy@5-forwardingStrategy@GRTRMax_MessageStatsReport,GRTRMax,2.6576,2,9254.5823,7818.0000,126.8023,212024,0,0.0000,NaN,NaN,100000.0000,215336
3234,180M,12530.3265,8643.0000,3351,1648,0.4918,5,179456,ProphetMulti-bufferSize@180M-dropPolicy@5-forwardingStrategy@GRTRSort_MessageStatsReport,GRTRSort,2.6669,2,9662.0843,7912.0000,128.2888,213068,0,0.0000,NaN,NaN,100000.0000,216310
3350,180M,8347.8618,0.0000,3351,1660,0.4954,5,187063,ProphetMulti-bufferSize@180M-dropPolicy@5-forwardingStrategy@GRTR_MessageStatsReport,GRTR,2.3006,2,11950.9753,9446.0000,131.6699,220232,0,0.0000,NaN,NaN,100000.0000,223585
3712,190M,14207.8886,13631.0000,3351,2162,0.6452,1,199127,ProphetMulti-bufferSize@190M-dropPolicy@1-forwardingStrategy@COIN_MessageStatsReport,COIN,2.7729,2,11698.9265,9157.0000,107.6623,234928,0,0.0000,NaN,NaN,100000.0000,238645
3386,190M,14463.0326,13463.0000,3351,2302,0.6870,1,182619,ProphetMulti-bufferSize@190M-dropPolicy@1-forwardingStrategy@GRTRMax_MessageStatsReport,GRTRMax,2.6238,2,11839.7315,9736.0000,94.0430,218789,0,0.0000,NaN,NaN,100000.0000,222185
3203,190M,15127.5158,14150.0000,3351,2297,0.6855,1,170327,ProphetMulti-bufferSize@190M-dropPolicy@1-forwardingStrategy@GRTRSort_MessageStatsReport,GRTRSort,2.5329,2,12294.1737,10261.0000,88.8594,206407,0,0.0000,NaN,NaN,100000.0000,209618
3289,190M,15284.9439,13920.0000,3351,1922,0.5736,1,170431,ProphetMulti-bufferSize@190M-dropPolicy@1-forwardingStrategy@GRTR_MessageStatsReport,GRTR,2.4370,2,11298.2934,9402.0000,106.6701,206942,0,0.0000,NaN,NaN,100000.0000,210235
3473,190M,8802.2898,10.0000,3351,1279,0.3817,2,185317,ProphetMulti-bufferSize@190M-dropPolicy@2-forwardingStrategy@COIN_MessageStatsReport,COIN,3.6036,3,6820.9116,6146.0000,171.9640,221221,0,0.0000,NaN,NaN,100000.0000,224697
3302,190M,7654.1860,0.0000,3351,1545,0.4611,2,180765,ProphetMulti-bufferSize@190M-dropPolicy@2-forwardingStrategy@GRTRMax_MessageStatsReport,GRTRMax,2.4117,2,12027.9676,9413.0000,138.9256,216185,0,0.0000,NaN,NaN,100000.0000,219493
3478,190M,7423.8758,0.0000,3351,1555,0.4640,2,187178,ProphetMulti-bufferSize@190M-dropPolicy@2-forwardingStrategy@GRTRSort_MessageStatsReport,GRTRSort,2.4103,2,11655.4720,9413.0000,142.2894,222815,0,0.0000,NaN,NaN,100000.0000,226296
3599,190M,5875.5428,0.0000,3351,1895,0.5655,2,198875,ProphetMulti-bufferSize@190M-dropPolicy@2-forwardingStrategy@GRTR_MessageStatsReport,GRTR,2.1562,2,14246.2454,9990.0000,121.4433,232030,0,0.0000,NaN,NaN,100000.0000,235636
3651,190M,8429.3687,0.0000,3351,1437,0.4288,3,200418,ProphetMulti-bufferSize@190M-dropPolicy@3-forwardingStrategy@COIN_MessageStatsReport,COIN,3.4182,3,6837.1134,6001.0000,163.5672,236483,0,0.0000,NaN,NaN,100000.0000,240139
3397,190M,8698.9735,0.0000,3351,1802,0.5377,3,186480,ProphetMulti-bufferSize@190M-dropPolicy@3-forwardingStrategy@GRTRMax_MessageStatsReport,GRTRMax,2.3485,2,12590.7442,9679.0000,122.6964,222901,0,0.0000,NaN,NaN,100000.0000,226301
3332,190M,9039.7662,0.0000,3351,1835,0.5476,3,184370,ProphetMulti-bufferSize@190M-dropPolicy@3-forwardingStrategy@GRTRSort_MessageStatsReport,GRTRSort,2.3439,2,12246.1346,10029.0000,119.3401,220824,0,0.0000,NaN,NaN,100000.0000,224160
3544,190M,8380.7926,0.0000,3351,1901,0.5673,3,189781,ProphetMulti-bufferSize@190M-dropPolicy@3-forwardingStrategy@GRTR_MessageStatsReport,GRTR,2.2246,2,12911.8490,9923.0000,117.9916,226203,0,0.0000,NaN,NaN,100000.0000,229749
3518,190M,14197.8938,14983.0000,3351,2682,0.8004,4,191382,ProphetMulti-bufferSize@190M-dropPolicy@4-forwardingStrategy@COIN_MessageStatsReport,COIN,2.7673,2,12537.7658,10987.0000,84.2595,228666,0,0.0000,NaN,NaN,100000.0000,232190
3324,190M,11990.3157,0.0000,3351,2465,0.7356,4,184409,ProphetMulti-bufferSize@190M-dropPolicy@4-forwardingStrategy@GRTRMax_MessageStatsReport,GRTRMax,2.1732,2,14350.5947,11130.0000,88.8556,221494,0,0.0000,NaN,NaN,100000.0000,224825
3367,190M,11979.3319,0.0000,3351,2461,0.7344,4,184999,ProphetMulti-bufferSize@190M-dropPolicy@4-forwardingStrategy@GRTRSort_MessageStatsReport,GRTRSort,2.2125,2,14778.9354,11541.0000,89.2369,222073,0,0.0000,NaN,NaN,100000.0000,225448
3447,190M,11632.3117,0.0000,3351,2393,0.7141,4,182491,ProphetMulti-bufferSize@190M-dropPolicy@4-forwardingStrategy@GRTR_MessageStatsReport,GRTR,2.2169,2,15116.0727,11470.0000,90.7229,219493,0,0.0000,NaN,NaN,100000.0000,222943
3605,190M,11776.2260,6146.0000,3351,1624,0.4846,5,194808,ProphetMulti-bufferSize@190M-dropPolicy@5-forwardingStrategy@COIN_MessageStatsReport,COIN,2.8017,2,10148.6897,8364.0000,140.9969,230603,0,0.0000,NaN,NaN,100000.0000,234213
3466,190M,12263.0301,8540.0000,3351,1673,0.4993,5,189963,ProphetMulti-bufferSize@190M-dropPolicy@5-forwardingStrategy@GRTRMax_MessageStatsReport,GRTRMax,2.6856,3,9269.5176,7924.0000,133.7573,225449,0,0.0000,NaN,NaN,100000.0000,228918
3323,190M,12759.6740,8804.0000,3351,1664,0.4966,5,181295,ProphetMulti-bufferSize@190M-dropPolicy@5-forwardingStrategy@GRTRSort_MessageStatsReport,GRTRSort,2.6749,3,9208.1232,7903.0000,129.3534,216908,0,0.0000,NaN,NaN,100000.0000,220237
3235,190M,9601.8433,0.0000,3351,1733,0.5172,5,177932,ProphetMulti-bufferSize@190M-dropPolicy@5-forwardingStrategy@GRTR_MessageStatsReport,GRTR,2.3081,2,12037.0848,9208.0000,122.0825,213302,0,0.0000,NaN,NaN,100000.0000,216542
3723,200M,15211.4134,14637.0000,3351,2212,0.6601,1,194072,ProphetMulti-bufferSize@200M-dropPolicy@1-forwardingStrategy@COIN_MessageStatsReport,COIN,2.8666,3,12430.3024,9621.0000,103.8341,231893,0,0.0000,NaN,NaN,100000.0000,235619
3251,200M,15605.5814,14567.0000,3351,2314,0.6905,1,170713,ProphetMulti-bufferSize@200M-dropPolicy@1-forwardingStrategy@GRTRMax_MessageStatsReport,GRTRMax,2.4879,2,11821.8984,9900.0000,89.2541,208848,0,0.0000,NaN,NaN,100000.0000,212103
3298,200M,15809.4192,14652.0000,3351,2354,0.7025,1,172625,ProphetMulti-bufferSize@200M-dropPolicy@1-forwardingStrategy@GRTRSort_MessageStatsReport,GRTRSort,2.5038,2,12331.0493,10320.0000,88.5573,210818,0,0.0000,NaN,NaN,100000.0000,214123
3420,200M,15417.4258,14292.0000,3351,2146,0.6404,1,180482,ProphetMulti-bufferSize@200M-dropPolicy@1-forwardingStrategy@GRTR_MessageStatsReport,GRTR,2.5699,2,10199.0690,8588.0000,101.0979,219102,0,0.0000,NaN,NaN,100000.0000,222523
3370,200M,8191.6791,2.0000,3351,1052,0.3139,2,181658,ProphetMulti-bufferSize@200M-dropPolicy@2-forwardingStrategy@COIN_MessageStatsReport,COIN,3.6464,3,5442.6711,4815.0000,205.1312,216850,0,0.0000,NaN,NaN,100000.0000,220224
3292,200M,5914.5894,0.0000,3351,1249,0.3727,2,185657,ProphetMulti-bufferSize@200M-dropPolicy@2-forwardingStrategy@GRTRMax_MessageStatsReport,GRTRMax,2.5637,2,10385.1065,8724.0000,175.9880,221058,0,0.0000,NaN,NaN,100000.0000,224356
3625,200M,5615.1425,0.0000,3351,1271,0.3793,2,202187,ProphetMulti-bufferSize@200M-dropPolicy@2-forwardingStrategy@GRTRSort_MessageStatsReport,GRTRSort,2.4579,2,9481.8206,7661.0000,185.9473,237610,0,0.0000,NaN,NaN,100000.0000,241241
3462,200M,5426.7949,0.0000,3351,1309,0.3906,2,188914,ProphetMulti-bufferSize@200M-dropPolicy@2-forwardingStrategy@GRTR_MessageStatsReport,GRTR,2.3575,2,11470.4507,8870.0000,170.4118,224378,0,0.0000,NaN,NaN,100000.0000,227847
3510,200M,9280.2363,0.0000,3351,1478,0.4411,3,190380,ProphetMulti-bufferSize@200M-dropPolicy@3-forwardingStrategy@COIN_MessageStatsReport,COIN,3.3884,3,7346.0514,6401.0000,153.5927,228488,0,0.0000,NaN,NaN,100000.0000,232005
3267,200M,9740.8215,0.0000,3351,1963,0.5858,3,172010,ProphetMulti-bufferSize@200M-dropPolicy@3-forwardingStrategy@GRTRMax_MessageStatsReport,GRTRMax,2.3107,2,13112.0591,10567.0000,106.1304,210297,0,0.0000,NaN,NaN,100000.0000,213569
3410,200M,9377.4329,0.0000,3351,1868,0.5574,3,185406,ProphetMulti-bufferSize@200M-dropPolicy@3-forwardingStrategy@GRTRSort_MessageStatsReport,GRTRSort,2.3164,2,12261.9952,9823.0000,118.8581,223895,0,0.0000,NaN,NaN,100000.0000,227311
3490,200M,8528.3934,0.0000,3351,1669,0.4981,3,182354,ProphetMulti-bufferSize@200M-dropPolicy@3-forwardingStrategy@GRTR_MessageStatsReport,GRTR,2.3966,2,11314.5686,9228.0000,131.1995,220641,0,0.0000,NaN,NaN,100000.0000,224138
3768,200M,14656.4891,15727.0000,3351,2738,0.8171,4,196489,ProphetMulti-bufferSize@200M-dropPolicy@4-forwardingStrategy@COIN_MessageStatsReport,COIN,2.7900,3,12108.5873,10397.0000,85.1348,235837,0,0.0000,NaN,NaN,100000.0000,239607
3336,200M,12509.6029,0.0000,3351,2462,0.7347,4,180095,ProphetMulti-bufferSize@200M-dropPolicy@4-forwardingStrategy@GRTRMax_MessageStatsReport,GRTRMax,2.1682,2,14800.6665,11669.0000,88.0219,219172,0,0.0000,NaN,NaN,100000.0000,222513
3225,200M,12913.4474,0.0000,3351,2460,0.7341,4,175111,ProphetMulti-bufferSize@200M-dropPolicy@4-forwardingStrategy@GRTRSort_MessageStatsReport,GRTRSort,2.2045,2,15140.6447,11861.0000,86.0703,214193,0,0.0000,NaN,NaN,100000.0000,217423
3428,200M,12814.2607,0.0000,3351,2509,0.7487,4,180190,ProphetMulti-bufferSize@200M-dropPolicy@4-forwardingStrategy@GRTR_MessageStatsReport,GRTR,2.3149,2,12378.2902,10080.0000,86.4101,219312,0,0.0000,NaN,NaN,100000.0000,222744
3699,200M,12299.2972,6798.0000,3351,1635,0.4879,5,189552,ProphetMulti-bufferSize@200M-dropPolicy@5-forwardingStrategy@COIN_MessageStatsReport,COIN,2.9034,3,9666.2269,7780.0000,137.8257,226980,0,0.0000,NaN,NaN,100000.0000,230681
3232,200M,13184.1071,8959.0000,3351,1678,0.5007,5,178849,ProphetMulti-bufferSize@200M-dropPolicy@5-forwardingStrategy@GRTRMax_MessageStatsReport,GRTRMax,2.6621,2,9554.1502,8208.0000,127.8373,216189,0,0.0000,NaN,NaN,100000.0000,219426
3405,200M,13306.7407,9407.0000,3351,1695,0.5058,5,179939,ProphetMulti-bufferSize@200M-dropPolicy@5-forwardingStrategy@GRTRSort_MessageStatsReport,GRTRSort,2.6383,2,9325.0850,8110.0000,127.3776,217600,0,0.0000,NaN,NaN,100000.0000,221011
3474,200M,9350.6078,0.0000,3351,1775,0.5297,5,191937,ProphetMulti-bufferSize@200M-dropPolicy@5-forwardingStrategy@GRTR_MessageStatsReport,GRTR,2.4862,2,11058.0056,8746.0000,128.4158,229713,0,0.0000,NaN,NaN,100000.0000,233189
3424,20M,1522.9008,978.0000,3351,912,0.2722,1,213098,ProphetMulti-bufferSize@20M-dropPolicy@1-forwardingStrategy@COIN_MessageStatsReport,COIN,6.0307,5,6703.7029,5008.0000,234.1524,214459,0,0.0000,NaN,NaN,100000.0000,217885
2112,20M,2040.0364,1201.0000,3351,1146,0.3420,1,154005,ProphetMulti-bufferSize@20M-dropPolicy@1-forwardingStrategy@GRTRMax_MessageStatsReport,GRTRMax,3.6257,3,8731.6152,7111.0000,134.7792,155603,0,0.0000,NaN,NaN,100000.0000,157718
2171,20M,2138.4098,1306.0000,3351,1171,0.3494,1,151353,ProphetMulti-bufferSize@20M-dropPolicy@1-forwardingStrategy@GRTRSort_MessageStatsReport,GRTRSort,3.7874,3,8935.2946,7164.0000,129.6755,153021,0,0.0000,NaN,NaN,100000.0000,155195
2215,20M,2114.5089,1269.0000,3351,1083,0.3232,1,152750,ProphetMulti-bufferSize@20M-dropPolicy@1-forwardingStrategy@GRTR_MessageStatsReport,GRTR,3.7147,3,9028.6491,7057.0000,141.4497,154273,0,0.0000,NaN,NaN,100000.0000,156493
2124,20M,1914.4979,114.0000,3351,289,0.0862,2,150270,ProphetMulti-bufferSize@20M-dropPolicy@2-forwardingStrategy@COIN_MessageStatsReport,COIN,3.6090,3,3575.6540,3258.0000,522.1246,151183,0,0.0000,NaN,NaN,100000.0000,153314
2805,20M,1427.2930,0.0000,3351,448,0.1337,2,189363,ProphetMulti-bufferSize@20M-dropPolicy@2-forwardingStrategy@GRTRMax_MessageStatsReport,GRTRMax,2.5089,2,6824.0223,6330.0000,424.0915,190441,0,0.0000,NaN,NaN,100000.0000,193247
2612,20M,1531.3921,0.0000,3351,446,0.1331,2,177687,ProphetMulti-bufferSize@20M-dropPolicy@2-forwardingStrategy@GRTRSort_MessageStatsReport,GRTRSort,2.4193,2,6272.8498,5678.0000,399.8161,178764,0,0.0000,NaN,NaN,100000.0000,181383
3162,20M,1308.8910,0.0000,3351,508,0.1516,2,209722,ProphetMulti-bufferSize@20M-dropPolicy@2-forwardingStrategy@GRTR_MessageStatsReport,GRTR,2.3957,2,8128.8169,6870.0000,414.0787,210860,0,0.0000,NaN,NaN,100000.0000,214028
1853,20M,1489.9087,0.0000,3351,323,0.0964,3,129613,ProphetMulti-bufferSize@20M-dropPolicy@3-forwardingStrategy@COIN_MessageStatsReport,COIN,3.3994,3,3706.5418,3449.0000,403.2601,130576,0,0.0000,NaN,NaN,100000.0000,132432
3141,20M,1063.8533,0.0000,3351,504,0.1504,3,203044,ProphetMulti-bufferSize@20M-dropPolicy@3-forwardingStrategy@GRTRMax_MessageStatsReport,GRTRMax,2.2817,2,7900.8571,7026.0000,403.9187,204079,0,0.0000,NaN,NaN,100000.0000,207224
3083,20M,1040.7856,0.0000,3351,531,0.1585,3,197816,ProphetMulti-bufferSize@20M-dropPolicy@3-forwardingStrategy@GRTRSort_MessageStatsReport,GRTRSort,2.3315,2,7662.5141,6683.0000,373.7269,198980,0,0.0000,NaN,NaN,100000.0000,202065
3228,20M,1124.2469,0.0000,3351,531,0.1585,3,204719,ProphetMulti-bufferSize@20M-dropPolicy@3-forwardingStrategy@GRTR_MessageStatsReport,GRTR,2.3371,2,8242.6591,7430.0000,386.7213,205880,0,0.0000,NaN,NaN,100000.0000,209112
3745,20M,1562.2275,0.0000,3351,2031,0.6061,4,236310,ProphetMulti-bufferSize@20M-dropPolicy@4-forwardingStrategy@COIN_MessageStatsReport,COIN,3.2127,3,4690.9020,4617.0000,116.6558,238959,0,0.0000,NaN,NaN,100000.0000,242708
3542,20M,1470.9976,0.0000,3351,2137,0.6377,4,227583,ProphetMulti-bufferSize@20M-dropPolicy@4-forwardingStrategy@GRTRMax_MessageStatsReport,GRTRMax,2.3107,2,9645.0781,9367.0000,106.7899,230347,0,0.0000,NaN,NaN,100000.0000,233894
3626,20M,1467.7452,0.0000,3351,2158,0.6440,4,231984,ProphetMulti-bufferSize@20M-dropPolicy@4-forwardingStrategy@GRTRSort_MessageStatsReport,GRTRSort,2.3675,2,9470.4778,9369.0000,107.7822,234752,0,0.0000,NaN,NaN,100000.0000,238390
3717,20M,1428.7011,0.0000,3351,1950,0.5819,4,236354,ProphetMulti-bufferSize@20M-dropPolicy@4-forwardingStrategy@GRTR_MessageStatsReport,GRTR,2.2097,2,9518.2159,9234.0000,121.5226,238919,0,0.0000,NaN,NaN,100000.0000,242642
3746,20M,1364.1795,0.0000,3351,502,0.1498,5,242371,ProphetMulti-bufferSize@20M-dropPolicy@5-forwardingStrategy@COIN_MessageStatsReport,COIN,3.1255,3,5449.3486,4372.0000,483.9382,243439,0,0.0000,NaN,NaN,100000.0000,247193
2884,20M,1612.1798,0.0000,3351,712,0.2125,5,197822,ProphetMulti-bufferSize@20M-dropPolicy@5-forwardingStrategy@GRTRMax_MessageStatsReport,GRTRMax,2.6994,2,8350.0871,6660.0000,278.6601,199118,0,0.0000,NaN,NaN,100000.0000,202010
3409,20M,1436.9037,0.0000,3351,632,0.1886,5,221158,ProphetMulti-bufferSize@20M-dropPolicy@5-forwardingStrategy@GRTRSort_MessageStatsReport,GRTRSort,2.7532,3,7752.5981,6147.0000,350.8196,222350,0,0.0000,NaN,NaN,100000.0000,225763
3053,20M,1476.0956,0.0000,3351,718,0.2143,5,200012,ProphetMulti-bufferSize@20M-dropPolicy@5-forwardingStrategy@GRTR_MessageStatsReport,GRTR,2.4457,2,8752.0641,7057.0000,279.3705,201306,0,0.0000,NaN,NaN,100000.0000,204362
3442,30M,2289.9793,1642.0000,3351,1056,0.3151,1,212621,ProphetMulti-bufferSize@30M-dropPolicy@1-forwardingStrategy@COIN_MessageStatsReport,COIN,5.2216,4,7686.8977,5915.0000,203.5407,215995,0,0.0000,NaN,NaN,100000.0000,219444
2906,30M,2647.6609,1671.0000,3351,1237,0.3691,1,182647,ProphetMulti-bufferSize@30M-dropPolicy@1-forwardingStrategy@GRTRMax_MessageStatsReport,GRTRMax,3.4559,3,9058.3565,7088.0000,149.5821,186270,0,0.0000,NaN,NaN,100000.0000,189181
2880,30M,2642.1244,1674.0000,3351,1270,0.3790,1,183397,ProphetMulti-bufferSize@30M-dropPolicy@1-forwardingStrategy@GRTRSort_MessageStatsReport,GRTRSort,3.3850,3,8495.7598,6923.0000,146.3441,187127,0,0.0000,NaN,NaN,100000.0000,190014
2829,30M,2751.0029,1830.0000,3351,1064,0.3175,1,177686,ProphetMulti-bufferSize@30M-dropPolicy@1-forwardingStrategy@GRTR_MessageStatsReport,GRTR,3.2660,3,8553.1805,6746.0000,169.3571,181260,0,0.0000,NaN,NaN,100000.0000,184095
2297,30M,2122.1260,14.0000,3351,381,0.1137,2,166467,ProphetMulti-bufferSize@30M-dropPolicy@2-forwardingStrategy@COIN_MessageStatsReport,COIN,3.7848,4,3839.3307,3580.0000,443.8451,169486,0,0.0000,NaN,NaN,100000.0000,171787
3263,30M,1655.0887,0.0000,3351,574,0.1713,2,213173,ProphetMulti-bufferSize@30M-dropPolicy@2-forwardingStrategy@GRTRMax_MessageStatsReport,GRTRMax,2.4739,2,7897.9530,6914.0000,375.9582,216374,0,0.0000,NaN,NaN,100000.0000,219642
3046,30M,1777.7383,0.0000,3351,579,0.1728,2,200802,ProphetMulti-bufferSize@30M-dropPolicy@2-forwardingStrategy@GRTRSort_MessageStatsReport,GRTRSort,2.5665,2,8295.3800,6996.0000,351.3523,204012,0,0.0000,NaN,NaN,100000.0000,207063
3484,30M,1823.5597,0.0000,3351,698,0.2083,2,214706,ProphetMulti-bufferSize@30M-dropPolicy@2-forwardingStrategy@GRTR_MessageStatsReport,GRTR,2.3868,2,10729.8195,8630.0000,311.3682,218033,0,0.0000,NaN,NaN,100000.0000,221520
2131,30M,2009.6483,0.0000,3351,388,0.1158,3,143192,ProphetMulti-bufferSize@30M-dropPolicy@3-forwardingStrategy@COIN_MessageStatsReport,COIN,3.4149,3,3976.4046,3818.0000,375.8711,146226,0,0.0000,NaN,NaN,100000.0000,148358
3316,30M,1575.5099,0.0000,3351,671,0.2002,3,209013,ProphetMulti-bufferSize@30M-dropPolicy@3-forwardingStrategy@GRTRMax_MessageStatsReport,GRTRMax,2.3308,2,8673.6781,7745.0000,315.2563,212208,0,0.0000,NaN,NaN,100000.0000,215528
3238,30M,1553.5894,0.0000,3351,615,0.1835,3,206872,ProphetMulti-bufferSize@30M-dropPolicy@3-forwardingStrategy@GRTRSort_MessageStatsReport,GRTRSort,2.3545,2,8429.0797,7290.0000,340.6537,210117,0,0.0000,NaN,NaN,100000.0000,213357
3274,30M,1605.6306,0.0000,3351,603,0.1799,3,208739,ProphetMulti-bufferSize@30M-dropPolicy@3-forwardingStrategy@GRTR_MessageStatsReport,GRTR,2.3980,2,8594.3350,7505.0000,350.5307,211973,0,0.0000,NaN,NaN,100000.0000,215248
3853,30M,2312.8130,257.0000,3351,2344,0.6995,4,233221,ProphetMulti-bufferSize@30M-dropPolicy@4-forwardingStrategy@COIN_MessageStatsReport,COIN,3.3656,3,5915.4155,5812.0000,100.6126,238180,0,0.0000,NaN,NaN,100000.0000,242039
3633,30M,2111.8517,0.0000,3351,2288,0.6828,4,234691,ProphetMulti-bufferSize@30M-dropPolicy@4-forwardingStrategy@GRTRMax_MessageStatsReport,GRTRMax,2.2539,2,10770.7544,10000.0000,103.7172,239593,0,0.0000,NaN,NaN,100000.0000,243230
3526,30M,2197.0323,0.0000,3351,2323,0.6932,4,223560,ProphetMulti-bufferSize@30M-dropPolicy@4-forwardingStrategy@GRTRSort_MessageStatsReport,GRTRSort,2.2699,2,11013.6367,10311.0000,97.3663,228505,0,0.0000,NaN,NaN,100000.0000,232033
3748,30M,2092.0803,0.0000,3351,2120,0.6326,4,236716,ProphetMulti-bufferSize@30M-dropPolicy@4-forwardingStrategy@GRTR_MessageStatsReport,GRTR,2.1703,2,11016.4264,10125.0000,112.8906,241448,0,0.0000,NaN,NaN,100000.0000,245199
3371,30M,2225.7299,0.0000,3351,549,0.1638,5,207506,ProphetMulti-bufferSize@30M-dropPolicy@5-forwardingStrategy@COIN_MessageStatsReport,COIN,2.8725,2,6061.6630,4566.0000,382.3151,210440,0,0.0000,NaN,NaN,100000.0000,213813
3096,30M,2268.3736,0.0000,3351,801,0.2390,5,201607,ProphetMulti-bufferSize@30M-dropPolicy@5-forwardingStrategy@GRTRMax_MessageStatsReport,GRTRMax,2.7141,3,7803.3633,6252.0000,254.6929,204810,0,0.0000,NaN,NaN,100000.0000,207908
3180,30M,2242.8184,0.0000,3351,805,0.2402,5,206306,ProphetMulti-bufferSize@30M-dropPolicy@5-forwardingStrategy@GRTRSort_MessageStatsReport,GRTRSort,2.7342,2,8338.0025,6617.0000,259.2969,209539,0,0.0000,NaN,NaN,100000.0000,212724
3434,30M,2022.0812,0.0000,3351,806,0.2405,5,216585,ProphetMulti-bufferSize@30M-dropPolicy@5-forwardingStrategy@GRTR_MessageStatsReport,GRTR,2.3908,2,8840.5868,7011.0000,271.7928,219871,0,0.0000,NaN,NaN,100000.0000,223308
3462,40M,3006.9727,2320.0000,3351,1232,0.3677,1,218500,ProphetMulti-bufferSize@40M-dropPolicy@1-forwardingStrategy@COIN_MessageStatsReport,COIN,4.5641,4,8450.0333,6464.0000,180.8442,224032,0,0.0000,NaN,NaN,100000.0000,227497
2912,40M,3498.1219,2404.0000,3351,1473,0.4396,1,180084,ProphetMulti-bufferSize@40M-dropPolicy@1-forwardingStrategy@GRTRMax_MessageStatsReport,GRTRMax,3.3333,3,9605.8228,7487.0000,125.1792,185862,0,0.0000,NaN,NaN,100000.0000,188778
2845,40M,3710.3528,2719.0000,3351,1491,0.4449,1,173182,ProphetMulti-bufferSize@40M-dropPolicy@1-forwardingStrategy@GRTRSort_MessageStatsReport,GRTRSort,3.3105,3,9760.1569,7835.0000,119.0684,179022,0,0.0000,NaN,NaN,100000.0000,181871
3108,40M,3403.0703,2362.0000,3351,1063,0.3172,1,191236,ProphetMulti-bufferSize@40M-dropPolicy@1-forwardingStrategy@GRTR_MessageStatsReport,GRTR,3.1430,3,8477.2803,6717.0000,184.1627,196828,0,0.0000,NaN,NaN,100000.0000,199939
2652,40M,2466.7417,13.0000,3351,484,0.1444,2,184338,ProphetMulti-bufferSize@40M-dropPolicy@2-forwardingStrategy@COIN_MessageStatsReport,COIN,3.6178,4,4144.2645,3942.0000,390.4463,189460,0,0.0000,NaN,NaN,100000.0000,192119
3190,40M,2180.7905,0.0000,3351,689,0.2056,2,211070,ProphetMulti-bufferSize@40M-dropPolicy@2-forwardingStrategy@GRTRMax_MessageStatsReport,GRTRMax,2.5791,2,9337.8433,8005.0000,313.0682,216393,0,0.0000,NaN,NaN,100000.0000,219586
3172,40M,2289.5284,0.0000,3351,715,0.2134,2,202544,ProphetMulti-bufferSize@40M-dropPolicy@2-forwardingStrategy@GRTRSort_MessageStatsReport,GRTRSort,2.4839,2,9208.3399,7792.0000,289.7552,207890,0,0.0000,NaN,NaN,100000.0000,211064
3514,40M,2392.3749,0.0000,3351,843,0.2516,2,220688,ProphetMulti-bufferSize@40M-dropPolicy@2-forwardingStrategy@GRTR_MessageStatsReport,GRTR,2.3120,2,12560.2645,9424.0000,267.2669,226149,0,0.0000,NaN,NaN,100000.0000,229668
2410,40M,2365.8744,0.0000,3351,446,0.1331,3,163682,ProphetMulti-bufferSize@40M-dropPolicy@3-forwardingStrategy@COIN_MessageStatsReport,COIN,3.5605,3,4199.5919,3938.0000,377.3969,168765,0,0.0000,NaN,NaN,100000.0000,171180
3296,40M,2207.1265,0.0000,3351,797,0.2378,3,211750,ProphetMulti-bufferSize@40M-dropPolicy@3-forwardingStrategy@GRTRMax_MessageStatsReport,GRTRMax,2.4617,2,9667.9197,8355.0000,271.4768,217164,0,0.0000,NaN,NaN,100000.0000,220466
3458,40M,1982.3478,0.0000,3351,809,0.2414,3,219160,ProphetMulti-bufferSize@40M-dropPolicy@3-forwardingStrategy@GRTRSort_MessageStatsReport,GRTRSort,2.3004,2,9314.8480,7858.0000,276.6082,224585,0,0.0000,NaN,NaN,100000.0000,228047
3324,40M,2139.6068,0.0000,3351,691,0.2062,3,209889,ProphetMulti-bufferSize@40M-dropPolicy@3-forwardingStrategy@GRTR_MessageStatsReport,GRTR,2.4284,2,10230.5239,8833.0000,310.4356,215202,0,0.0000,NaN,NaN,100000.0000,218530
3730,40M,3137.4233,1140.0000,3351,2553,0.7619,4,226011,ProphetMulti-bufferSize@40M-dropPolicy@4-forwardingStrategy@COIN_MessageStatsReport,COIN,3.2570,3,7209.8472,7188.0000,90.3337,233175,0,0.0000,NaN,NaN,100000.0000,236908
3562,40M,2898.7807,0.0000,3351,2426,0.7240,4,220696,ProphetMulti-bufferSize@40M-dropPolicy@4-forwardingStrategy@GRTRMax_MessageStatsReport,GRTRMax,2.2218,2,12193.0408,11467.0000,92.8735,227737,0,0.0000,NaN,NaN,100000.0000,231300
3488,40M,2849.6154,0.0000,3351,2441,0.7284,4,222699,ProphetMulti-bufferSize@40M-dropPolicy@4-forwardingStrategy@GRTRSort_MessageStatsReport,GRTRSort,2.2696,2,12093.3327,11371.0000,93.1229,229754,0,0.0000,NaN,NaN,100000.0000,233251
3546,40M,2913.4444,0.0000,3351,2190,0.6535,4,218015,ProphetMulti-bufferSize@40M-dropPolicy@4-forwardingStrategy@GRTR_MessageStatsReport,GRTR,2.1858,2,12975.8644,11921.0000,101.6616,224829,0,0.0000,NaN,NaN,100000.0000,228379
3823,40M,2687.0438,0.0000,3351,715,0.2134,5,235059,ProphetMulti-bufferSize@40M-dropPolicy@5-forwardingStrategy@COIN_MessageStatsReport,COIN,3.0741,3,6508.1427,5133.0000,334.7594,240068,0,0.0000,NaN,NaN,100000.0000,243895
2933,40M,3075.0089,0.0000,3351,872,0.2602,5,194014,ProphetMulti-bufferSize@40M-dropPolicy@5-forwardingStrategy@GRTRMax_MessageStatsReport,GRTRMax,2.7856,3,8323.2718,6791.0000,227.4576,199215,0,0.0000,NaN,NaN,100000.0000,202150
3167,40M,3002.7770,0.0000,3351,911,0.2719,5,203755,ProphetMulti-bufferSize@40M-dropPolicy@5-forwardingStrategy@GRTRSort_MessageStatsReport,GRTRSort,2.7333,3,8364.1196,6690.0000,228.5807,209148,0,0.0000,NaN,NaN,100000.0000,212317
3239,40M,2655.2365,0.0000,3351,878,0.2620,5,206375,ProphetMulti-bufferSize@40M-dropPolicy@5-forwardingStrategy@GRTR_MessageStatsReport,GRTR,2.3087,2,9618.3736,7650.0000,240.1549,211734,0,0.0000,NaN,NaN,100000.0000,214977
3360,50M,3941.1324,3280.0000,3351,1314,0.3921,1,209345,ProphetMulti-bufferSize@50M-dropPolicy@1-forwardingStrategy@COIN_MessageStatsReport,COIN,4.1689,3,8880.6629,7265.0000,164.0381,216860,0,0.0000,NaN,NaN,100000.0000,220224
3176,50M,4090.4564,2993.0000,3351,1528,0.4560,1,193926,ProphetMulti-bufferSize@50M-dropPolicy@1-forwardingStrategy@GRTRMax_MessageStatsReport,GRTRMax,3.0733,3,9079.9149,7518.0000,131.0589,201786,0,0.0000,NaN,NaN,100000.0000,204967
2968,50M,4441.3276,3258.0000,3351,1537,0.4587,1,177458,ProphetMulti-bufferSize@50M-dropPolicy@1-forwardingStrategy@GRTRSort_MessageStatsReport,GRTRSort,3.1327,3,10241.7033,8563.0000,119.6265,185403,0,0.0000,NaN,NaN,100000.0000,188377
3339,50M,4085.6239,2973.0000,3351,1167,0.3483,1,197615,ProphetMulti-bufferSize@50M-dropPolicy@1-forwardingStrategy@GRTR_MessageStatsReport,GRTR,2.8972,3,8464.0797,7034.0000,175.0026,205395,0,0.0000,NaN,NaN,100000.0000,208736
2619,50M,3401.4931,8.0000,3351,500,0.1492,2,174173,ProphetMulti-bufferSize@50M-dropPolicy@2-forwardingStrategy@COIN_MessageStatsReport,COIN,3.6040,4,4289.2140,3722.0000,361.6280,181314,0,0.0000,NaN,NaN,100000.0000,183934
3394,50M,2981.7718,0.0000,3351,722,0.2155,2,207456,ProphetMulti-bufferSize@50M-dropPolicy@2-forwardingStrategy@GRTRMax_MessageStatsReport,GRTRMax,2.4834,2,9538.4017,7822.0000,296.4986,214794,0,0.0000,NaN,NaN,100000.0000,218195
3262,50M,3028.3930,0.0000,3351,733,0.2187,2,207023,ProphetMulti-bufferSize@50M-dropPolicy@2-forwardingStrategy@GRTRSort_MessageStatsReport,GRTRSort,2.4216,2,9755.9836,8151.0000,291.4761,214385,0,0.0000,NaN,NaN,100000.0000,217649
3523,50M,2812.7528,0.0000,3351,934,0.2787,2,219435,ProphetMulti-bufferSize@50M-dropPolicy@2-forwardingStrategy@GRTR_MessageStatsReport,GRTR,2.2987,2,12771.2677,9485.0000,242.0268,226987,0,0.0000,NaN,NaN,100000.0000,230516
2646,50M,2916.7893,0.0000,3351,571,0.1704,3,166705,ProphetMulti-bufferSize@50M-dropPolicy@3-forwardingStrategy@COIN_MessageStatsReport,COIN,3.3923,3,4640.3573,4365.0000,303.5709,173910,0,0.0000,NaN,NaN,100000.0000,176562
3613,50M,2670.7873,0.0000,3351,883,0.2635,3,219048,ProphetMulti-bufferSize@50M-dropPolicy@3-forwardingStrategy@GRTRMax_MessageStatsReport,GRTRMax,2.4349,2,9780.5708,8042.0000,255.5787,226559,0,0.0000,NaN,NaN,100000.0000,230178
3429,50M,2805.3647,0.0000,3351,890,0.2656,3,209373,ProphetMulti-bufferSize@50M-dropPolicy@3-forwardingStrategy@GRTRSort_MessageStatsReport,GRTRSort,2.4067,2,9843.2258,8465.0000,242.6865,216881,0,0.0000,NaN,NaN,100000.0000,220316
3534,50M,2579.4339,0.0000,3351,832,0.2483,3,220203,ProphetMulti-bufferSize@50M-dropPolicy@3-forwardingStrategy@GRTR_MessageStatsReport,GRTR,2.3978,2,10066.0132,8271.0000,272.6250,227656,0,0.0000,NaN,NaN,100000.0000,231195
3730,50M,3807.6585,1788.0000,3351,2628,0.7842,4,230748,ProphetMulti-bufferSize@50M-dropPolicy@4-forwardingStrategy@COIN_MessageStatsReport,COIN,3.1766,3,7804.2272,7562.0000,90.3196,239988,0,0.0000,NaN,NaN,100000.0000,243719
3498,50M,3597.1077,0.0000,3351,2474,0.7383,4,216138,ProphetMulti-bufferSize@50M-dropPolicy@4-forwardingStrategy@GRTRMax_MessageStatsReport,GRTRMax,2.2530,2,13368.3266,12252.0000,90.0384,225229,0,0.0000,NaN,NaN,100000.0000,228734
3680,50M,3431.1109,0.0000,3351,2501,0.7463,4,226674,ProphetMulti-bufferSize@50M-dropPolicy@4-forwardingStrategy@GRTRSort_MessageStatsReport,GRTRSort,2.1967,2,12732.5566,11599.0000,93.2799,235794,0,0.0000,NaN,NaN,100000.0000,239477
3492,50M,3530.5457,0.0000,3351,2249,0.6711,4,217430,ProphetMulti-bufferSize@50M-dropPolicy@4-forwardingStrategy@GRTR_MessageStatsReport,GRTR,2.1556,2,13433.7866,11910.0000,99.6216,226298,0,0.0000,NaN,NaN,100000.0000,229794
3713,50M,3499.1654,6.0000,3351,808,0.2411,5,222781,ProphetMulti-bufferSize@50M-dropPolicy@5-forwardingStrategy@COIN_MessageStatsReport,COIN,3.0111,3,7021.8614,5521.0000,283.4963,229873,0,0.0000,NaN,NaN,100000.0000,233593
3181,50M,3850.0668,40.0000,3351,972,0.2901,5,194215,ProphetMulti-bufferSize@50M-dropPolicy@5-forwardingStrategy@GRTRMax_MessageStatsReport,GRTRMax,2.7809,3,8593.8673,7150.0000,206.3673,201561,0,0.0000,NaN,NaN,100000.0000,204749
3185,50M,3602.9207,0.0000,3351,992,0.2960,5,207842,ProphetMulti-bufferSize@50M-dropPolicy@5-forwardingStrategy@GRTRSort_MessageStatsReport,GRTRSort,2.7893,3,8499.7006,6822.0000,215.8538,215119,0,0.0000,NaN,NaN,100000.0000,218309
3588,50M,3062.7009,0.0000,3351,1002,0.2990,5,217368,ProphetMulti-bufferSize@50M-dropPolicy@5-forwardingStrategy@GRTR_MessageStatsReport,GRTR,2.3333,2,9541.5369,7415.0000,223.4451,224894,0,0.0000,NaN,NaN,100000.0000,228487
3576,60M,4600.3029,3945.0000,3351,1482,0.4423,1,214844,ProphetMulti-bufferSize@60M-dropPolicy@1-forwardingStrategy@COIN_MessageStatsReport,COIN,3.8313,3,9243.8090,7421.0000,150.5425,224586,0,0.0000,NaN,NaN,100000.0000,228167
3110,60M,5065.8366,3894.0000,3351,1638,0.4888,1,186786,ProphetMulti-bufferSize@60M-dropPolicy@1-forwardingStrategy@GRTRMax_MessageStatsReport,GRTRMax,3.1691,3,10622.7747,8470.0000,119.1374,196785,0,0.0000,NaN,NaN,100000.0000,199897
3025,60M,5137.7109,4074.0000,3351,1677,0.5004,1,181368,ProphetMulti-bufferSize@60M-dropPolicy@1-forwardingStrategy@GRTRSort_MessageStatsReport,GRTRSort,3.1210,3,10416.4824,8407.0000,113.0716,191298,0,0.0000,NaN,NaN,100000.0000,194326
3350,60M,4949.8270,3818.0000,3351,1300,0.3879,1,194613,ProphetMulti-bufferSize@60M-dropPolicy@1-forwardingStrategy@GRTR_MessageStatsReport,GRTR,2.8008,2,8855.7562,7340.0000,156.3185,204514,0,0.0000,NaN,NaN,100000.0000,207868
2778,60M,3926.5700,6.0000,3351,573,0.1710,2,178071,ProphetMulti-bufferSize@60M-dropPolicy@2-forwardingStrategy@COIN_MessageStatsReport,COIN,3.4991,3,4679.0366,4318.0000,325.8342,187276,0,0.0000,NaN,NaN,100000.0000,190057
3228,60M,3676.8227,0.0000,3351,829,0.2474,2,203229,ProphetMulti-bufferSize@60M-dropPolicy@2-forwardingStrategy@GRTRMax_MessageStatsReport,GRTRMax,2.4632,2,9552.2111,8095.0000,255.5489,212679,0,0.0000,NaN,NaN,100000.0000,215910
3201,60M,3612.0703,0.0000,3351,825,0.2462,2,205647,ProphetMulti-bufferSize@60M-dropPolicy@2-forwardingStrategy@GRTRSort_MessageStatsReport,GRTRSort,2.5479,2,9764.1491,8140.0000,259.7273,215100,0,0.0000,NaN,NaN,100000.0000,218306
3424,60M,3253.1693,0.0000,3351,1089,0.3250,2,206554,ProphetMulti-bufferSize@60M-dropPolicy@2-forwardingStrategy@GRTR_MessageStatsReport,GRTR,2.3030,2,15184.3361,11615.0000,197.5877,216262,0,0.0000,NaN,NaN,100000.0000,219692
2809,60M,3289.0458,0.0000,3351,680,0.2029,3,178829,ProphetMulti-bufferSize@60M-dropPolicy@3-forwardingStrategy@COIN_MessageStatsReport,COIN,3.4471,3,4848.6853,4465.0000,275.5426,188049,0,0.0000,NaN,NaN,100000.0000,190861
3487,60M,3253.3778,0.0000,3351,1019,0.3041,3,213351,ProphetMulti-bufferSize@60M-dropPolicy@3-forwardingStrategy@GRTRMax_MessageStatsReport,GRTRMax,2.3994,2,9867.8528,8496.0000,217.8381,222996,0,0.0000,NaN,NaN,100000.0000,226488
3502,60M,3366.5576,0.0000,3351,1143,0.3411,3,218112,ProphetMulti-bufferSize@60M-dropPolicy@3-forwardingStrategy@GRTRSort_MessageStatsReport,GRTRSort,2.3692,2,10850.9134,9169.0000,198.3666,227876,0,0.0000,NaN,NaN,100000.0000,231383
3417,60M,3271.9466,0.0000,3351,1117,0.3333,3,210622,ProphetMulti-bufferSize@60M-dropPolicy@3-forwardingStrategy@GRTR_MessageStatsReport,GRTR,2.3715,2,11130.7413,9416.0000,196.2784,220360,0,0.0000,NaN,NaN,100000.0000,223783
3869,60M,4486.5198,2858.0000,3351,2715,0.8102,4,232503,ProphetMulti-bufferSize@60M-dropPolicy@4-forwardingStrategy@COIN_MessageStatsReport,COIN,3.1727,3,8517.2917,8370.0000,88.8077,243828,0,0.0000,NaN,NaN,100000.0000,247705
3473,60M,4350.8914,0.0000,3351,2521,0.7523,4,210015,ProphetMulti-bufferSize@60M-dropPolicy@4-forwardingStrategy@GRTRMax_MessageStatsReport,GRTRMax,2.2515,2,13867.5315,12445.0000,86.7219,221147,0,0.0000,NaN,NaN,100000.0000,224625
3613,60M,4313.0106,0.0000,3351,2531,0.7553,4,213035,ProphetMulti-bufferSize@60M-dropPolicy@4-forwardingStrategy@GRTRSort_MessageStatsReport,GRTRSort,2.2311,2,13880.9684,12233.0000,87.5721,224176,0,0.0000,NaN,NaN,100000.0000,227793
3711,60M,4068.0919,0.0000,3351,2314,0.6905,4,225103,ProphetMulti-bufferSize@60M-dropPolicy@4-forwardingStrategy@GRTR_MessageStatsReport,GRTR,2.1141,2,13464.1003,11371.0000,101.0030,236035,0,0.0000,NaN,NaN,100000.0000,239754
3512,60M,4294.3856,72.0000,3351,821,0.2450,5,216345,ProphetMulti-bufferSize@60M-dropPolicy@5-forwardingStrategy@COIN_MessageStatsReport,COIN,2.9342,3,7556.3618,5868.0000,273.6918,225522,0,0.0000,NaN,NaN,100000.0000,229040
3322,60M,4376.6513,670.0000,3351,1065,0.3178,5,203460,ProphetMulti-bufferSize@60M-dropPolicy@5-forwardingStrategy@GRTRMax_MessageStatsReport,GRTRMax,2.6723,3,8166.6563,6848.0000,198.8085,212796,0,0.0000,NaN,NaN,100000.0000,216120
3153,60M,4507.6727,638.0000,3351,1079,0.3220,5,194425,ProphetMulti-bufferSize@60M-dropPolicy@5-forwardingStrategy@GRTRSort_MessageStatsReport,GRTRSort,2.8703,3,9192.8656,7854.0000,188.0158,203948,0,0.0000,NaN,NaN,100000.0000,207104
3300,60M,3827.4154,0.0000,3351,1077,0.3214,5,206179,ProphetMulti-bufferSize@60M-dropPolicy@5-forwardingStrategy@GRTR_MessageStatsReport,GRTR,2.4058,2,10327.7149,8102.0000,199.1003,215508,0,0.0000,NaN,NaN,100000.0000,218812
3668,70M,5169.6206,4659.0000,3351,1519,0.4533,1,222245,ProphetMulti-bufferSize@70M-dropPolicy@1-forwardingStrategy@COIN_MessageStatsReport,COIN,3.7729,3,9594.0783,7333.0000,152.9572,233861,0,0.0000,NaN,NaN,100000.0000,237534
3187,70M,5476.8486,4255.0000,3351,1701,0.5076,1,197814,ProphetMulti-bufferSize@70M-dropPolicy@1-forwardingStrategy@GRTRMax_MessageStatsReport,GRTRMax,3.0170,3,10308.9065,8204.0000,122.3545,209826,0,0.0000,NaN,NaN,100000.0000,213019
3296,70M,5486.4226,4470.0000,3351,1824,0.5443,1,197796,ProphetMulti-bufferSize@70M-dropPolicy@1-forwardingStrategy@GRTRSort_MessageStatsReport,GRTRSort,2.9825,3,9795.5806,8115.0000,114.0504,209852,0,0.0000,NaN,NaN,100000.0000,213157
3243,70M,5772.7393,4451.0000,3351,1309,0.3906,1,190222,ProphetMulti-bufferSize@70M-dropPolicy@1-forwardingStrategy@GRTR_MessageStatsReport,GRTR,2.8625,3,9713.5195,7882.0000,153.4209,202137,0,0.0000,NaN,NaN,100000.0000,205384
2899,70M,4329.0827,8.0000,3351,642,0.1916,2,183343,ProphetMulti-bufferSize@70M-dropPolicy@2-forwardingStrategy@COIN_MessageStatsReport,COIN,3.6480,4,4745.1480,4270.0000,302.1511,194623,0,0.0000,NaN,NaN,100000.0000,197526
3390,70M,4080.0685,0.0000,3351,915,0.2731,2,203758,ProphetMulti-bufferSize@70M-dropPolicy@2-forwardingStrategy@GRTRMax_MessageStatsReport,GRTRMax,2.4383,2,10312.3388,8223.0000,234.2874,215288,0,0.0000,NaN,NaN,100000.0000,218685
3322,70M,3990.9381,0.0000,3351,919,0.2742,2,206281,ProphetMulti-bufferSize@70M-dropPolicy@2-forwardingStrategy@GRTRSort_MessageStatsReport,GRTRSort,2.4548,2,9848.7312,8118.0000,236.0196,217821,0,0.0000,NaN,NaN,100000.0000,221148
3459,70M,3681.4197,0.0000,3351,1188,0.3545,2,207564,ProphetMulti-bufferSize@70M-dropPolicy@2-forwardingStrategy@GRTR_MessageStatsReport,GRTR,2.2399,2,14482.2677,10928.0000,183.6515,219366,0,0.0000,NaN,NaN,100000.0000,222832
2978,70M,3163.8128,0.0000,3351,710,0.2119,3,187561,ProphetMulti-bufferSize@70M-dropPolicy@3-forwardingStrategy@COIN_MessageStatsReport,COIN,3.5169,3,4908.4718,4432.0000,279.1549,198910,0,0.0000,NaN,NaN,100000.0000,201890
3660,70M,3212.8692,0.0000,3351,1011,0.3017,3,234122,ProphetMulti-bufferSize@70M-dropPolicy@3-forwardingStrategy@GRTRMax_MessageStatsReport,GRTRMax,2.3373,2,10135.8912,8077.0000,242.0772,245751,0,0.0000,NaN,NaN,100000.0000,249417
3402,70M,3841.3778,0.0000,3351,1197,0.3572,3,203402,ProphetMulti-bufferSize@70M-dropPolicy@3-forwardingStrategy@GRTRSort_MessageStatsReport,GRTRSort,2.3517,2,10951.1195,9033.0000,178.7920,215211,0,0.0000,NaN,NaN,100000.0000,218616
3361,70M,3740.9322,0.0000,3351,1001,0.2987,3,202878,ProphetMulti-bufferSize@70M-dropPolicy@3-forwardingStrategy@GRTR_MessageStatsReport,GRTR,2.3806,2,11129.3736,9002.0000,213.2787,214493,0,0.0000,NaN,NaN,100000.0000,217854
3877,70M,5165.0120,3585.0000,3351,2694,0.8039,4,234206,ProphetMulti-bufferSize@70M-dropPolicy@4-forwardingStrategy@COIN_MessageStatsReport,COIN,3.0742,3,8741.5134,8459.0000,90.8734,247507,0,0.0000,NaN,NaN,100000.0000,251391
3379,70M,5070.7938,0.0000,3351,2471,0.7374,4,203579,ProphetMulti-bufferSize@70M-dropPolicy@4-forwardingStrategy@GRTRMax_MessageStatsReport,GRTRMax,2.1878,2,14290.7539,12339.0000,86.6827,216664,0,0.0000,NaN,NaN,100000.0000,220048
3471,70M,4873.1155,0.0000,3351,2528,0.7544,4,215262,ProphetMulti-bufferSize@70M-dropPolicy@4-forwardingStrategy@GRTRSort_MessageStatsReport,GRTRSort,2.2239,2,14059.5870,12367.0000,89.3521,228410,0,0.0000,NaN,NaN,100000.0000,231886
3602,70M,4632.5608,0.0000,3351,2271,0.6777,4,221893,ProphetMulti-bufferSize@70M-dropPolicy@4-forwardingStrategy@GRTR_MessageStatsReport,GRTR,2.0973,2,13960.7864,11889.0000,102.3835,234784,0,0.0000,NaN,NaN,100000.0000,238390
3688,70M,4725.3124,340.0000,3351,942,0.2811,5,222929,ProphetMulti-bufferSize@70M-dropPolicy@5-forwardingStrategy@COIN_MessageStatsReport,COIN,2.8482,3,7329.5393,5945.0000,247.5977,234179,0,0.0000,NaN,NaN,100000.0000,237873
3180,70M,4995.7307,1230.0000,3351,1084,0.3235,5,204622,ProphetMulti-bufferSize@70M-dropPolicy@5-forwardingStrategy@GRTRMax_MessageStatsReport,GRTRMax,2.8386,3,8980.3875,7355.0000,198.1559,215885,0,0.0000,NaN,NaN,100000.0000,219071
3159,70M,5250.4321,1639.0000,3351,1093,0.3262,5,196185,ProphetMulti-bufferSize@70M-dropPolicy@5-forwardingStrategy@GRTRSort_MessageStatsReport,GRTRSort,2.7301,3,8796.6194,7571.0000,188.8847,207544,0,0.0000,NaN,NaN,100000.0000,210708
3609,70M,3876.3428,0.0000,3351,1159,0.3459,5,216268,ProphetMulti-bufferSize@70M-dropPolicy@5-forwardingStrategy@GRTR_MessageStatsReport,GRTR,2.2994,2,10032.8361,7610.0000,195.4961,227739,0,0.0000,NaN,NaN,100000.0000,231353
3689,80M,5857.5777,5184.0000,3351,1617,0.4825,1,224654,ProphetMulti-bufferSize@80M-dropPolicy@1-forwardingStrategy@COIN_MessageStatsReport,COIN,3.6797,3,9926.7854,8030.0000,146.4731,238464,0,0.0000,NaN,NaN,100000.0000,242158
3172,80M,6497.2082,5404.0000,3351,1875,0.5595,1,189010,ProphetMulti-bufferSize@80M-dropPolicy@1-forwardingStrategy@GRTRMax_MessageStatsReport,GRTRMax,2.9899,3,10956.3440,8912.0000,107.3168,203094,0,0.0000,NaN,NaN,100000.0000,206274
3488,80M,6166.7267,4876.0000,3351,1766,0.5270,1,200997,ProphetMulti-bufferSize@80M-dropPolicy@1-forwardingStrategy@GRTRSort_MessageStatsReport,GRTRSort,2.8097,3,9974.4672,7953.0000,120.7950,215090,0,0.0000,NaN,NaN,100000.0000,218584
3546,80M,6098.4035,4796.0000,3351,1357,0.4050,1,204263,ProphetMulti-bufferSize@80M-dropPolicy@1-forwardingStrategy@GRTR_MessageStatsReport,GRTR,2.7119,2,8845.5947,7392.0000,159.8113,218221,0,0.0000,NaN,NaN,100000.0000,221772
3032,80M,4715.1162,8.0000,3351,710,0.2119,2,189053,ProphetMulti-bufferSize@80M-dropPolicy@2-forwardingStrategy@COIN_MessageStatsReport,COIN,3.6789,4,4978.6056,4561.0000,284.0606,202393,0,0.0000,NaN,NaN,100000.0000,205428
3479,80M,4153.8429,0.0000,3351,972,0.2901,2,211575,ProphetMulti-bufferSize@80M-dropPolicy@2-forwardingStrategy@GRTRMax_MessageStatsReport,GRTRMax,2.4949,2,10262.4331,8275.0000,230.6461,225160,0,0.0000,NaN,NaN,100000.0000,228647
3297,80M,4439.3705,0.0000,3351,1004,0.2996,2,198284,ProphetMulti-bufferSize@80M-dropPolicy@2-forwardingStrategy@GRTRSort_MessageStatsReport,GRTRSort,2.4263,2,10458.6683,8768.0000,210.0647,211909,0,0.0000,NaN,NaN,100000.0000,215210
3468,80M,3862.1185,0.0000,3351,1326,0.3957,2,211877,ProphetMulti-bufferSize@80M-dropPolicy@2-forwardingStrategy@GRTR_MessageStatsReport,GRTR,2.1727,2,14921.3816,11141.0000,169.3024,225821,0,0.0000,NaN,NaN,100000.0000,229293
3047,80M,4029.9321,0.0000,3351,778,0.2322,3,187526,ProphetMulti-bufferSize@80M-dropPolicy@3-forwardingStrategy@COIN_MessageStatsReport,COIN,3.5437,3,5490.7147,4803.0000,257.2789,200941,0,0.0000,NaN,NaN,100000.0000,203994
3276,80M,4320.0854,0.0000,3351,1133,0.3381,3,201486,ProphetMulti-bufferSize@80M-dropPolicy@3-forwardingStrategy@GRTRMax_MessageStatsReport,GRTRMax,2.3831,2,10860.8173,9257.0000,188.9744,215241,0,0.0000,NaN,NaN,100000.0000,218519
3495,80M,4297.6159,0.0000,3351,1265,0.3775,3,209121,ProphetMulti-bufferSize@80M-dropPolicy@3-forwardingStrategy@GRTRSort_MessageStatsReport,GRTRSort,2.3320,2,10626.3265,9014.0000,175.2917,223009,0,0.0000,NaN,NaN,100000.0000,226509
3743,80M,3832.3998,0.0000,3351,1243,0.3709,3,219268,ProphetMulti-bufferSize@80M-dropPolicy@3-forwardingStrategy@GRTR_MessageStatsReport,GRTR,2.2494,2,10882.4191,9072.0000,186.5535,233129,0,0.0000,NaN,NaN,100000.0000,236882
3772,80M,5940.8779,4537.0000,3351,2764,0.8248,4,228986,ProphetMulti-bufferSize@80M-dropPolicy@4-forwardingStrategy@COIN_MessageStatsReport,COIN,2.9262,3,9309.7862,8808.0000,87.4106,244367,0,0.0000,NaN,NaN,100000.0000,248144
3458,80M,5439.0657,0.0000,3351,2512,0.7496,4,214509,ProphetMulti-bufferSize@80M-dropPolicy@4-forwardingStrategy@GRTRMax_MessageStatsReport,GRTRMax,2.2253,2,14339.3021,12418.0000,90.4152,229635,0,0.0000,NaN,NaN,100000.0000,233100
3288,80M,5799.7502,0.0000,3351,2513,0.7499,4,199154,ProphetMulti-bufferSize@80M-dropPolicy@4-forwardingStrategy@GRTRSort_MessageStatsReport,GRTRSort,2.2053,2,14388.1560,12327.0000,84.2726,214290,0,0.0000,NaN,NaN,100000.0000,217580
3747,80M,5053.6734,0.0000,3351,2307,0.6885,4,224261,ProphetMulti-bufferSize@80M-dropPolicy@4-forwardingStrategy@GRTR_MessageStatsReport,GRTR,2.1023,2,13532.9371,10808.0000,102.6771,239183,0,0.0000,NaN,NaN,100000.0000,242933
3935,80M,5264.6662,483.0000,3351,988,0.2948,5,229249,ProphetMulti-bufferSize@80M-dropPolicy@5-forwardingStrategy@COIN_MessageStatsReport,COIN,2.9393,3,7326.9737,6050.0000,244.4221,242477,0,0.0000,NaN,NaN,100000.0000,246417
3195,80M,5902.0869,2398.0000,3351,1190,0.3551,5,195247,ProphetMulti-bufferSize@80M-dropPolicy@5-forwardingStrategy@GRTRMax_MessageStatsReport,GRTRMax,2.7109,2,8911.0059,7740.0000,174.3319,208645,0,0.0000,NaN,NaN,100000.0000,211845
3502,80M,5378.4278,1465.0000,3351,1119,0.3339,5,213005,ProphetMulti-bufferSize@80M-dropPolicy@5-forwardingStrategy@GRTRSort_MessageStatsReport,GRTRSort,2.7641,3,8273.7149,6999.0000,201.1957,226257,0,0.0000,NaN,NaN,100000.0000,229764
3403,80M,4558.7501,0.0000,3351,1202,0.3587,5,210940,ProphetMulti-bufferSize@80M-dropPolicy@5-forwardingStrategy@GRTR_MessageStatsReport,GRTR,2.3153,2,10425.6215,8220.0000,185.5582,224243,0,0.0000,NaN,NaN,100000.0000,227650
3614,90M,6927.1563,6283.0000,3351,1739,0.5189,1,210815,ProphetMulti-bufferSize@90M-dropPolicy@1-forwardingStrategy@COIN_MessageStatsReport,COIN,3.4911,3,10887.0604,8629.0000,129.3761,226724,0,0.0000,NaN,NaN,100000.0000,230342
3186,90M,7380.9188,6150.0000,3351,1948,0.5813,1,185360,ProphetMulti-bufferSize@90M-dropPolicy@1-forwardingStrategy@GRTRMax_MessageStatsReport,GRTRMax,2.9091,3,11166.7500,9321.0000,102.4061,201435,0,0.0000,NaN,NaN,100000.0000,204624
3363,90M,6898.9773,5657.0000,3351,1892,0.5646,1,197876,ProphetMulti-bufferSize@90M-dropPolicy@1-forwardingStrategy@GRTRSort_MessageStatsReport,GRTRSort,2.8800,3,10401.7204,8450.0000,112.0840,213955,0,0.0000,NaN,NaN,100000.0000,217322
3066,90M,7725.8406,6543.0000,3351,1467,0.4378,1,177654,ProphetMulti-bufferSize@90M-dropPolicy@1-forwardingStrategy@GRTR_MessageStatsReport,GRTR,2.6162,2,9758.4635,8227.0000,131.0361,193697,0,0.0000,NaN,NaN,100000.0000,196771
3179,90M,4885.6500,9.0000,3351,770,0.2298,2,194363,ProphetMulti-bufferSize@90M-dropPolicy@2-forwardingStrategy@COIN_MessageStatsReport,COIN,3.6896,4,5173.7740,4742.0000,271.4286,209770,0,0.0000,NaN,NaN,100000.0000,212952
3394,90M,4541.9508,0.0000,3351,1058,0.3157,2,206520,ProphetMulti-bufferSize@90M-dropPolicy@2-forwardingStrategy@GRTRMax_MessageStatsReport,GRTRMax,2.4083,2,11162.2108,8791.0000,209.0170,222198,0,0.0000,NaN,NaN,100000.0000,225599
3365,90M,4474.8280,0.0000,3351,1057,0.3154,2,207455,ProphetMulti-bufferSize@90M-dropPolicy@2-forwardingStrategy@GRTRSort_MessageStatsReport,GRTRSort,2.4759,2,10743.0785,8823.0000,210.1031,223136,0,0.0000,NaN,NaN,100000.0000,226504
3213,90M,4462.9329,0.0000,3351,1357,0.4050,2,192282,ProphetMulti-bufferSize@90M-dropPolicy@2-forwardingStrategy@GRTR_MessageStatsReport,GRTR,2.2019,2,15570.7576,12354.0000,152.4657,208253,0,0.0000,NaN,NaN,100000.0000,211470
3048,90M,4422.7304,0.0000,3351,798,0.2381,3,188679,ProphetMulti-bufferSize@90M-dropPolicy@3-forwardingStrategy@COIN_MessageStatsReport,COIN,3.4737,3,5211.6404,4587.0000,254.7744,204108,0,0.0000,NaN,NaN,100000.0000,207159
3460,90M,4771.0440,0.0000,3351,1313,0.3918,3,210044,ProphetMulti-bufferSize@90M-dropPolicy@3-forwardingStrategy@GRTRMax_MessageStatsReport,GRTRMax,2.2955,2,11277.3046,9410.0000,171.1112,225982,0,0.0000,NaN,NaN,100000.0000,229449
3420,90M,4967.8963,0.0000,3351,1327,0.3960,3,202510,ProphetMulti-bufferSize@90M-dropPolicy@3-forwardingStrategy@GRTRSort_MessageStatsReport,GRTRSort,2.3248,2,11345.3617,9175.0000,163.6255,218458,0,0.0000,NaN,NaN,100000.0000,221881
3541,90M,4680.5869,0.0000,3351,1308,0.3903,3,201600,ProphetMulti-bufferSize@90M-dropPolicy@3-forwardingStrategy@GRTR_MessageStatsReport,GRTR,2.2936,2,12294.4625,10195.0000,165.3012,217522,0,0.0000,NaN,NaN,100000.0000,221067
3738,90M,6819.7580,5605.0000,3351,2741,0.8180,4,219887,ProphetMulti-bufferSize@90M-dropPolicy@4-forwardingStrategy@COIN_MessageStatsReport,COIN,2.9770,3,10289.4524,9614.0000,85.5520,237239,0,0.0000,NaN,NaN,100000.0000,240981
3527,90M,5986.6281,0.0000,3351,2515,0.7505,4,216825,ProphetMulti-bufferSize@90M-dropPolicy@4-forwardingStrategy@GRTRMax_MessageStatsReport,GRTRMax,2.1837,2,14714.8326,12120.0000,92.0250,233958,0,0.0000,NaN,NaN,100000.0000,237490
3430,90M,6184.1626,0.0000,3351,2501,0.7463,4,211547,ProphetMulti-bufferSize@90M-dropPolicy@4-forwardingStrategy@GRTRSort_MessageStatsReport,GRTRSort,2.1891,2,14497.4458,12533.0000,90.4318,228671,0,0.0000,NaN,NaN,100000.0000,232104
3435,90M,6044.7914,0.0000,3351,2394,0.7144,4,208919,ProphetMulti-bufferSize@90M-dropPolicy@4-forwardingStrategy@GRTR_MessageStatsReport,GRTR,2.1015,2,14416.9185,11970.0000,93.3734,225930,0,0.0000,NaN,NaN,100000.0000,229367
3600,90M,6201.6941,1503.0000,3351,1047,0.3124,5,213521,ProphetMulti-bufferSize@90M-dropPolicy@5-forwardingStrategy@COIN_MessageStatsReport,COIN,2.8844,3,8376.6991,6746.0000,217.5177,228788,0,0.0000,NaN,NaN,100000.0000,232391
3515,90M,6088.8565,2046.0000,3351,1197,0.3572,5,209950,ProphetMulti-bufferSize@90M-dropPolicy@5-forwardingStrategy@GRTRMax_MessageStatsReport,GRTRMax,2.6959,2,8037.4678,6533.0000,187.2924,225386,0,0.0000,NaN,NaN,100000.0000,228906
3167,90M,6485.8237,2790.0000,3351,1189,0.3548,5,192141,ProphetMulti-bufferSize@90M-dropPolicy@5-forwardingStrategy@GRTRSort_MessageStatsReport,GRTRSort,2.7300,3,8930.4558,7829.0000,173.5711,207565,0,0.0000,NaN,NaN,100000.0000,210737
3709,90M,4832.3074,0.0000,3351,1336,0.3987,5,217516,ProphetMulti-bufferSize@90M-dropPolicy@5-forwardingStrategy@GRTR_MessageStatsReport,GRTR,2.3054,2,10880.2013,8543.0000,173.4034,233003,0,0.0000,NaN,NaN,100000.0000,236716
